{
  "version": "1.1",
  "metadata": {
    "video_path": "tree.mp4",
    "fps": 29.985099806666913,
    "original_fps": 29.985099806666913,
    "skip_frames": 1,
    "total_frames": 487,
    "valid_frames": 487,
    "num_states": 2,
    "num_segments": 3,
    "created_at": "2026-02-25T21:07:48.432570",
    "stability_threshold": 0.1,
    "temporal_sequence": [
      0,
      1,
      1
    ]
  },
  "states": [
    {
      "state_id": 0,
      "mean_features": {
        "right_shoulder_angle": 15.821821844685184,
        "torso_angle": -0.5080390310099533,
        "left_hip_angle": 173.21864791536274,
        "body_center_y": 2.478320722352891,
        "left_arm_elevation": -0.9013203018420451,
        "right_knee_angle": 174.06074320377073,
        "left_knee_angle": 173.93228507170804,
        "left_elbow_angle": 177.4529857213279,
        "left_leg_spread": 0.09726614347339022,
        "right_arm_elevation": -0.9187090862556775,
        "right_elbow_angle": 173.86341455084016,
        "right_leg_spread": 0.10717376073513135,
        "right_hip_angle": 172.51014392170356,
        "left_shoulder_angle": 15.019887832447676
      },
      "feature_tolerances": {
        "right_shoulder_angle": 10.327955707465376,
        "torso_angle": 10.0,
        "left_hip_angle": 10.0,
        "body_center_y": 0.1,
        "left_arm_elevation": 0.1,
        "right_knee_angle": 10.0,
        "left_knee_angle": 10.0,
        "left_elbow_angle": 10.0,
        "left_leg_spread": 0.1,
        "right_arm_elevation": 0.1,
        "right_elbow_angle": 10.0,
        "right_leg_spread": 0.1,
        "right_hip_angle": 10.0,
        "left_shoulder_angle": 11.894188103559976
      },
      "min_hold_duration": 1.4807354414784393,
      "mean_keypoints": [
        [
          676.445068359375,
          167.3905792236328
        ],
        [
          685.8737182617188,
          156.18043518066406
        ],
        [
          665.5145874023438,
          158.03732299804688
        ],
        [
          693.5308837890625,
          160.67315673828125
        ],
        [
          657.021484375,
          164.6945037841797
        ],
        [
          729.6563110351562,
          232.7783966064453
        ],
        [
          628.491943359375,
          235.70298767089844
        ],
        [
          741.6575927734375,
          309.5601806640625
        ],
        [
          616.967041015625,
          315.1720886230469
        ],
        [
          752.2632446289062,
          372.72674560546875
        ],
        [
          610.4342041015625,
          378.6962585449219
        ],
        [
          707.9325561523438,
          392.4420471191406
        ],
        [
          653.0291137695312,
          393.1400146484375
        ],
        [
          705.9304809570312,
          507.93365478515625
        ],
        [
          655.6424560546875,
          503.0291442871094
        ],
        [
          692.4334106445312,
          616.98974609375
        ],
        [
          670.05126953125,
          614.9398803710938
        ]
      ]
    },
    {
      "state_id": 1,
      "mean_features": {
        "right_shoulder_angle": 177.57696821155582,
        "torso_angle": -2.4304989975238773,
        "left_hip_angle": 154.562145054866,
        "body_center_y": 2.2263657308760143,
        "left_arm_elevation": 0.8001233894358236,
        "right_knee_angle": 173.98384943294357,
        "left_knee_angle": 128.25479571529164,
        "left_elbow_angle": 139.73894543790732,
        "left_leg_spread": 0.08467516154194037,
        "right_arm_elevation": 0.800779233744115,
        "right_elbow_angle": 143.59683491944008,
        "right_leg_spread": 0.12279988949333287,
        "right_hip_angle": 175.4007313844388,
        "left_shoulder_angle": 173.80509393681925
      },
      "feature_tolerances": {
        "right_shoulder_angle": 10.0,
        "torso_angle": 10.0,
        "left_hip_angle": 55.17743039420837,
        "body_center_y": 0.1,
        "left_arm_elevation": 0.1,
        "right_knee_angle": 10.0,
        "left_knee_angle": 115.5959027491086,
        "left_elbow_angle": 12.048633384420553,
        "left_leg_spread": 0.1,
        "right_arm_elevation": 0.1,
        "right_elbow_angle": 10.0,
        "right_leg_spread": 0.1,
        "right_hip_angle": 10.0,
        "left_shoulder_angle": 10.0
      },
      "min_hold_duration": 3.241610020533881,
      "mean_keypoints": [
        [
          665.0839233398438,
          169.09901428222656
        ],
        [
          672.352294921875,
          159.49435424804688
        ],
        [
          654.20654296875,
          161.30184936523438
        ],
        [
          679.3949584960938,
          164.1549835205078
        ],
        [
          644.7528686523438,
          167.55580139160156
        ],
        [
          704.9012451171875,
          210.4252471923828
        ],
        [
          625.09619140625,
          212.75146484375
        ],
        [
          715.9107055664062,
          137.50967407226562
        ],
        [
          613.5823974609375,
          139.11724853515625
        ],
        [
          675.720703125,
          72.72027587890625
        ],
        [
          647.1773071289062,
          74.925048828125
        ],
        [
          698.2344360351562,
          380.1168518066406
        ],
        [
          646.57861328125,
          387.31915283203125
        ],
        [
          731.4805908203125,
          469.4907531738281
        ],
        [
          651.343994140625,
          502.67144775390625
        ],
        [
          683.9537353515625,
          558.8839721679688
        ],
        [
          667.87646484375,
          614.7969360351562
        ]
      ]
    }
  ],
  "transitions": {
    "0": [
      1
    ],
    "1": [
      1,
      0
    ]
  }
}