{
  "version": "1.1",
  "metadata": {
    "video_path": "bird-dog.mp4",
    "fps": 29.711959063523068,
    "original_fps": 29.711959063523068,
    "skip_frames": 1,
    "total_frames": 252,
    "valid_frames": 252,
    "num_states": 2,
    "num_segments": 3,
    "created_at": "2026-02-25T11:33:31.703735",
    "stability_threshold": 0.12,
    "temporal_sequence": [
      0,
      1,
      0
    ]
  },
  "states": [
    {
      "state_id": 0,
      "mean_features": {
        "right_leg_spread": 0.8345634169322605,
        "left_leg_spread": 0.80248394880005,
        "left_arm_elevation": -1.023885231677975,
        "left_hip_angle": 113.49877950880263,
        "right_hip_angle": 106.43131737115489,
        "right_knee_angle": 73.88918965976241,
        "torso_angle": 76.3437644462936,
        "right_arm_elevation": -1.1627430317545298,
        "body_center_y": 2.879102579025597,
        "left_knee_angle": 82.65557669382247,
        "right_shoulder_angle": 75.86831917663167,
        "right_elbow_angle": 171.71975924269597
      },
      "feature_tolerances": {
        "right_leg_spread": 0.16867675437130292,
        "left_leg_spread": 0.1,
        "left_arm_elevation": 0.1,
        "left_hip_angle": 21.230202085655172,
        "right_hip_angle": 16.27003016434988,
        "right_knee_angle": 12.805441589400921,
        "torso_angle": 10.0,
        "right_arm_elevation": 0.1,
        "body_center_y": 0.1,
        "left_knee_angle": 18.134857670859404,
        "right_shoulder_angle": 10.0,
        "right_elbow_angle": 10.0
      },
      "min_hold_duration": 1.1510516666666666,
      "mean_keypoints": [
        [
          849.8463134765625,
          461.3208312988281
        ],
        [
          860.6282348632812,
          449.3434753417969
        ],
        [
          859.9725952148438,
          446.9813537597656
        ],
        [
          850.7256469726562,
          431.780029296875
        ],
        [
          850.6182861328125,
          430.16204833984375
        ],
        [
          781.785400390625,
          435.7143859863281
        ],
        [
          783.4592895507812,
          445.4212341308594
        ],
        [
          780.462158203125,
          529.0043334960938
        ],
        [
          782.5369873046875,
          544.2163696289062
        ],
        [
          788.3272094726562,
          606.6348266601562
        ],
        [
          795.3312377929688,
          639.3170166015625
        ],
        [
          625.4660034179688,
          474.42120361328125
        ],
        [
          615.69873046875,
          485.6353759765625
        ],
        [
          617.23193359375,
          602.4198608398438
        ],
        [
          607.0977172851562,
          618.4029541015625
        ],
        [
          491.51263427734375,
          570.9013671875
        ],
        [
          474.2023010253906,
          573.2798461914062
        ]
      ]
    },
    {
      "state_id": 1,
      "mean_features": {
        "right_leg_spread": 1.4393945104115973,
        "left_arm_elevation": -0.21606714754038817,
        "left_leg_spread": 0.7575423843932875,
        "left_hip_angle": 119.07316041095947,
        "right_hip_angle": 172.5664264133998,
        "right_knee_angle": 162.5414557931743,
        "torso_angle": 76.40416492115368,
        "right_arm_elevation": -1.0882247223224473,
        "body_center_y": 2.6592484508757988,
        "right_elbow_angle": 174.05565587163488,
        "left_shoulder_angle": 149.00095854409798,
        "left_elbow_angle": 173.3595990249652,
        "right_shoulder_angle": 84.05569522411793,
        "left_knee_angle": 86.93073798670912
      },
      "feature_tolerances": {
        "right_leg_spread": 0.1976066976640453,
        "left_arm_elevation": 0.30938583590298646,
        "left_leg_spread": 0.1,
        "left_hip_angle": 10.0,
        "right_hip_angle": 17.269815142980093,
        "right_knee_angle": 36.66855624854279,
        "torso_angle": 10.0,
        "right_arm_elevation": 0.1,
        "body_center_y": 0.1,
        "right_elbow_angle": 10.0,
        "left_shoulder_angle": 30.697380465779815,
        "left_elbow_angle": 10.0,
        "right_shoulder_angle": 10.0,
        "left_knee_angle": 10.0
      },
      "min_hold_duration": 2.6655933333333333,
      "mean_keypoints": [
        [
          847.8553466796875,
          467.2843322753906
        ],
        [
          857.813232421875,
          458.308837890625
        ],
        [
          854.4326171875,
          454.1638488769531
        ],
        [
          848.36279296875,
          442.60723876953125
        ],
        [
          842.8236694335938,
          437.6778869628906
        ],
        [
          802.7687377929688,
          439.4579772949219
        ],
        [
          776.4026489257812,
          442.70599365234375
        ],
        [
          879.2600708007812,
          457.7327575683594
        ],
        [
          779.734375,
          545.3067016601562
        ],
        [
          948.7264404296875,
          479.71905517578125
        ],
        [
          792.7982788085938,
          640.7508544921875
        ],
        [
          624.4049682617188,
          501.0124206542969
        ],
        [
          601.2551879882812,
          466.8074645996094
        ],
        [
          606.4334106445312,
          602.81494140625
        ],
        [
          472.7922058105469,
          483.3487548828125
        ],
        [
          486.4871520996094,
          575.0601196289062
        ],
        [
          341.5511474609375,
          458.0323181152344
        ]
      ]
    }
  ],
  "transitions": {
    "0": [
      1
    ],
    "1": [
      0
    ]
  }
}