{
  "version": "1.1",
  "metadata": {
    "video_path": "bridge.mp4",
    "fps": 27.79713281840689,
    "original_fps": 27.79713281840689,
    "skip_frames": 1,
    "total_frames": 250,
    "valid_frames": 250,
    "num_states": 2,
    "num_segments": 3,
    "created_at": "2026-02-25T11:37:29.770213",
    "stability_threshold": 0.12,
    "temporal_sequence": [
      0,
      1,
      0
    ]
  },
  "states": [
    {
      "state_id": 0,
      "mean_features": {
        "left_knee_angle": 71.60962262471517,
        "left_hip_angle": 150.22113149007163,
        "right_knee_angle": 67.54871344683318,
        "body_center_y": 3.171879295241437,
        "left_leg_spread": 0.7579216951802695,
        "right_arm_elevation": -0.1316996251325651,
        "right_leg_spread": 0.8434534391466243,
        "right_shoulder_angle": 15.893732634904921,
        "right_elbow_angle": 176.32523945674922,
        "right_hip_angle": 138.86436984845227,
        "torso_angle": -96.83248782839092
      },
      "feature_tolerances": {
        "left_knee_angle": 16.73799013830802,
        "left_hip_angle": 33.65057766746103,
        "right_knee_angle": 10.0,
        "body_center_y": 0.14169186554610202,
        "left_leg_spread": 0.1,
        "right_arm_elevation": 0.1,
        "right_leg_spread": 0.1,
        "right_shoulder_angle": 10.0,
        "right_elbow_angle": 10.0,
        "right_hip_angle": 10.0,
        "torso_angle": 10.0
      },
      "min_hold_duration": 1.4246073599999998,
      "mean_keypoints": [
        [
          452.72747802734375,
          594.0612182617188
        ],
        [
          441.39166259765625,
          600.9554443359375
        ],
        [
          441.63458251953125,
          606.4169921875
        ],
        [
          446.8262634277344,
          614.72021484375
        ],
        [
          446.8415222167969,
          626.905029296875
        ],
        [
          518.55517578125,
          614.0786743164062
        ],
        [
          512.3493041992188,
          640.6099853515625
        ],
        [
          623.7079467773438,
          628.5285034179688
        ],
        [
          622.706787109375,
          657.3908081054688
        ],
        [
          707.45947265625,
          635.7625122070312
        ],
        [
          719.5645751953125,
          665.87255859375
        ],
        [
          700.333251953125,
          592.4592895507812
        ],
        [
          708.3787231445312,
          614.114990234375
        ],
        [
          789.9638061523438,
          493.1553039550781
        ],
        [
          808.2444458007812,
          503.7553405761719
        ],
        [
          845.3195190429688,
          609.6380004882812
        ],
        [
          869.5628051757812,
          630.90283203125
        ]
      ]
    },
    {
      "state_id": 1,
      "mean_features": {
        "left_knee_angle": 101.09543997900826,
        "left_hip_angle": 146.03582545689173,
        "right_knee_angle": 100.4458094470355,
        "left_elbow_angle": 178.9412441504883,
        "body_center_y": 2.5725176805744363,
        "left_leg_spread": 0.9523910706748768,
        "right_arm_elevation": -0.12796284332491306,
        "right_leg_spread": 1.0308693842772318,
        "left_shoulder_angle": 48.63628050440064,
        "right_shoulder_angle": 45.78667952089894,
        "left_arm_elevation": -0.09496523374097145,
        "right_elbow_angle": 178.15642201170633,
        "right_hip_angle": 149.00903569435587,
        "torso_angle": -128.3016610729451
      },
      "feature_tolerances": {
        "left_knee_angle": 21.51608786028993,
        "left_hip_angle": 17.237778206801757,
        "right_knee_angle": 23.063892075786512,
        "left_elbow_angle": 10.0,
        "body_center_y": 0.2028799876366129,
        "left_leg_spread": 0.12941097237800908,
        "right_arm_elevation": 0.1,
        "right_leg_spread": 0.15451455847586656,
        "left_shoulder_angle": 10.0,
        "right_shoulder_angle": 15.653367197889736,
        "left_arm_elevation": 0.1,
        "right_elbow_angle": 10.0,
        "right_hip_angle": 15.05497258234275,
        "torso_angle": 16.017236733230735
      },
      "min_hold_duration": 2.41751552,
      "mean_keypoints": [
        [
          452.11810302734375,
          597.5660400390625
        ],
        [
          439.8197326660156,
          603.0942993164062
        ],
        [
          438.0381774902344,
          609.3187255859375
        ],
        [
          443.43743896484375,
          617.5321044921875
        ],
        [
          441.69403076171875,
          629.8429565429688
        ],
        [
          514.15673828125,
          622.8706665039062
        ],
        [
          502.3002624511719,
          645.7491455078125
        ],
        [
          621.5972290039062,
          634.1112670898438
        ],
        [
          608.7832641601562,
          660.3721923828125
        ],
        [
          715.5796508789062,
          640.201171875
        ],
        [
          712.0995483398438,
          671.2109985351562
        ],
        [
          662.4246826171875,
          506.34088134765625
        ],
        [
          664.7496337890625,
          521.7940673828125
        ],
        [
          804.1802368164062,
          484.2314147949219
        ],
        [
          811.201171875,
          491.060791015625
        ],
        [
          851.1033935546875,
          616.7175903320312
        ],
        [
          868.9561157226562,
          635.9632568359375
        ]
      ]
    }
  ],
  "transitions": {
    "0": [
      1
    ],
    "1": [
      0
    ]
  }
}