{
  "version": "1.1",
  "metadata": {
    "video_path": "chair-dip.mp4",
    "fps": 30.00409146701823,
    "original_fps": 30.00409146701823,
    "skip_frames": 1,
    "total_frames": 242,
    "valid_frames": 242,
    "num_states": 2,
    "num_segments": 3,
    "created_at": "2026-02-25T12:15:51.584091",
    "stability_threshold": 0.1,
    "temporal_sequence": [
      0,
      1,
      0
    ]
  },
  "states": [
    {
      "state_id": 0,
      "mean_features": {
        "torso_angle": 26.184964067486746,
        "left_hip_angle": 121.74306839194601,
        "left_shoulder_angle": 28.280271220789686,
        "left_elbow_angle": 171.25779854879121,
        "left_arm_elevation": -1.074903645448803,
        "left_leg_spread": 0.965906997197163,
        "body_center_y": 3.0119163018378656,
        "left_knee_angle": 98.68419308348471
      },
      "feature_tolerances": {
        "torso_angle": 10.638926022172265,
        "left_hip_angle": 18.021883610666,
        "left_shoulder_angle": 10.0,
        "left_elbow_angle": 11.486470075345007,
        "left_arm_elevation": 0.1,
        "left_leg_spread": 0.1,
        "body_center_y": 0.157342294870061,
        "left_knee_angle": 10.0
      },
      "min_hold_duration": 1.1498431818181816,
      "mean_keypoints": [
        [
          690.7265014648438,
          265.31494140625
        ],
        [
          699.0057983398438,
          256.7353820800781
        ],
        [
          696.59423828125,
          256.19000244140625
        ],
        [
          716.3519287109375,
          260.5545654296875
        ],
        [
          712.2999267578125,
          259.6077575683594
        ],
        [
          729.7620239257812,
          313.3650207519531
        ],
        [
          724.5331420898438,
          312.290771484375
        ],
        [
          735.4447631835938,
          398.8301086425781
        ],
        [
          731.9310302734375,
          394.2826843261719
        ],
        [
          746.61083984375,
          471.4345397949219
        ],
        [
          737.908203125,
          457.14764404296875
        ],
        [
          666.9296875,
          448.94586181640625
        ],
        [
          658.6819458007812,
          440.4032897949219
        ],
        [
          529.6119384765625,
          464.1247863769531
        ],
        [
          538.6618041992188,
          463.636474609375
        ],
        [
          524.5980834960938,
          593.1224365234375
        ],
        [
          527.1680297851562,
          585.8877563476562
        ]
      ]
    },
    {
      "state_id": 1,
      "mean_features": {
        "torso_angle": 10.380427237339656,
        "left_hip_angle": 72.26896683713223,
        "left_shoulder_angle": 81.66382807583794,
        "left_elbow_angle": 104.02128983703429,
        "left_arm_elevation": -0.6667304609684235,
        "left_leg_spread": 0.8600029657314615,
        "body_center_y": 3.636967595949724,
        "left_knee_angle": 64.7761404101247
      },
      "feature_tolerances": {
        "torso_angle": 10.0,
        "left_hip_angle": 10.0,
        "left_shoulder_angle": 10.0,
        "left_elbow_angle": 11.415767028615722,
        "left_arm_elevation": 0.1,
        "left_leg_spread": 0.1,
        "body_center_y": 0.11087309693887375,
        "left_knee_angle": 10.0
      },
      "min_hold_duration": 1.8797436363636362,
      "mean_keypoints": [
        [
          621.9584350585938,
          347.2438659667969
        ],
        [
          628.972900390625,
          336.8049011230469
        ],
        [
          626.9882202148438,
          336.64862060546875
        ],
        [
          645.7996826171875,
          338.0169677734375
        ],
        [
          642.77734375,
          337.94921875
        ],
        [
          674.2173461914062,
          378.6847229003906
        ],
        [
          667.27587890625,
          381.9830017089844
        ],
        [
          756.6508178710938,
          406.5588073730469
        ],
        [
          732.1408081054688,
          412.95147705078125
        ],
        [
          752.3045043945312,
          475.6437072753906
        ],
        [
          740.6087646484375,
          467.35028076171875
        ],
        [
          648.860595703125,
          527.3551025390625
        ],
        [
          640.330078125,
          515.8889770507812
        ],
        [
          529.5535278320312,
          467.1375427246094
        ],
        [
          534.1041870117188,
          462.6092529296875
        ],
        [
          525.2237548828125,
          593.857177734375
        ],
        [
          528.7127075195312,
          580.4609375
        ]
      ]
    }
  ],
  "transitions": {
    "0": [
      1
    ],
    "1": [
      0
    ]
  }
}