{
  "version": "1.1",
  "metadata": {
    "video_path": "child.mp4",
    "fps": 30.01533570430794,
    "original_fps": 30.01533570430794,
    "skip_frames": 1,
    "total_frames": 366,
    "valid_frames": 366,
    "num_states": 2,
    "num_segments": 2,
    "created_at": "2026-02-25T12:29:47.534424",
    "stability_threshold": 0.1,
    "temporal_sequence": [
      0,
      1
    ]
  },
  "states": [
    {
      "state_id": 0,
      "mean_features": {
        "right_knee_angle": 69.61277575399872,
        "left_leg_spread": 0.628712191383887,
        "right_arm_elevation": -1.2373455070476145,
        "right_elbow_angle": 172.94698692096875,
        "body_center_y": 2.8994036315952565,
        "torso_angle": 70.37272832615305,
        "right_hip_angle": 95.51331193729321,
        "right_leg_spread": 0.677153493425473,
        "right_shoulder_angle": 75.742627598942
      },
      "feature_tolerances": {
        "right_knee_angle": 10.0,
        "left_leg_spread": 0.1,
        "right_arm_elevation": 0.1,
        "right_elbow_angle": 10.0,
        "body_center_y": 0.1,
        "torso_angle": 10.0,
        "right_hip_angle": 10.0,
        "right_leg_spread": 0.10181267015437315,
        "right_shoulder_angle": 10.0
      },
      "min_hold_duration": 2.0989270491803276,
      "mean_keypoints": [
        [
          782.6509399414062,
          442.2590637207031
        ],
        [
          786.8970947265625,
          428.6688232421875
        ],
        [
          785.9799194335938,
          427.31829833984375
        ],
        [
          771.4099731445312,
          417.3956604003906
        ],
        [
          770.7616577148438,
          418.2471618652344
        ],
        [
          701.42529296875,
          434.9039306640625
        ],
        [
          721.3956909179688,
          451.705322265625
        ],
        [
          712.7344970703125,
          537.6815795898438
        ],
        [
          728.89501953125,
          563.7227783203125
        ],
        [
          721.390625,
          624.6783447265625
        ],
        [
          749.1023559570312,
          664.8187255859375
        ],
        [
          553.595703125,
          493.81707763671875
        ],
        [
          543.7286987304688,
          508.8585205078125
        ],
        [
          579.256591796875,
          632.668701171875
        ],
        [
          578.2179565429688,
          659.8575439453125
        ],
        [
          447.84149169921875,
          629.056396484375
        ],
        [
          428.1289367675781,
          638.494140625
        ]
      ]
    },
    {
      "state_id": 1,
      "mean_features": {
        "right_knee_angle": 30.39124683774445,
        "right_arm_elevation": -0.39916727739482527,
        "right_elbow_angle": 166.25051676077848,
        "body_center_y": 2.8315738025581108,
        "left_arm_elevation": -0.37738003977222867,
        "torso_angle": 93.87020900606693,
        "right_hip_angle": 26.062890674179027,
        "right_leg_spread": 0.10666710962990297,
        "right_shoulder_angle": 153.30119614374073
      },
      "feature_tolerances": {
        "right_knee_angle": 10.0,
        "right_arm_elevation": 0.13897863410586503,
        "right_elbow_angle": 10.0,
        "body_center_y": 0.1,
        "left_arm_elevation": 0.11184837555911833,
        "torso_angle": 10.0,
        "right_hip_angle": 10.0,
        "right_leg_spread": 0.1,
        "right_shoulder_angle": 13.982591077179963
      },
      "min_hold_duration": 2.4587431147540983,
      "mean_keypoints": [
        [
          631.3197021484375,
          623.4989013671875
        ],
        [
          643.9099731445312,
          622.970458984375
        ],
        [
          644.4024047851562,
          623.33056640625
        ],
        [
          653.5086669921875,
          605.9666137695312
        ],
        [
          650.9371337890625,
          608.278564453125
        ],
        [
          637.1613159179688,
          557.6079711914062
        ],
        [
          637.7621459960938,
          584.1930541992188
        ],
        [
          709.6885375976562,
          610.5191040039062
        ],
        [
          719.9964599609375,
          634.731201171875
        ],
        [
          785.453857421875,
          632.90673828125
        ],
        [
          812.4909057617188,
          663.9243774414062
        ],
        [
          446.19140625,
          546.88623046875
        ],
        [
          435.76910400390625,
          569.7124633789062
        ],
        [
          575.1511840820312,
          621.905029296875
        ],
        [
          574.9675903320312,
          651.9608154296875
        ],
        [
          432.04827880859375,
          626.142333984375
        ],
        [
          414.6011962890625,
          651.998779296875
        ]
      ]
    }
  ],
  "transitions": {
    "0": [
      1
    ],
    "1": [
      0
    ]
  }
}