{
  "version": "1.1",
  "metadata": {
    "video_path": "cobrapose.mp4",
    "fps": 29.97612071739462,
    "original_fps": 29.97612071739462,
    "skip_frames": 1,
    "total_frames": 295,
    "valid_frames": 295,
    "num_states": 2,
    "num_segments": 2,
    "created_at": "2026-02-25T12:31:34.756784",
    "stability_threshold": 0.1,
    "temporal_sequence": [
      0,
      1
    ]
  },
  "states": [
    {
      "state_id": 0,
      "mean_features": {
        "right_arm_elevation": -0.30144928097802887,
        "right_knee_angle": 173.7208834980995,
        "torso_angle": 83.78818231080602,
        "body_center_y": 3.187358837243713,
        "right_elbow_angle": 60.44583104641134,
        "left_leg_spread": 1.4865382673874707,
        "right_hip_angle": 175.90414265064217,
        "right_leg_spread": 1.5837590130850137,
        "right_shoulder_angle": 27.41988934215484
      },
      "feature_tolerances": {
        "right_arm_elevation": 0.16816820545767983,
        "right_knee_angle": 10.0,
        "torso_angle": 10.0,
        "body_center_y": 0.1,
        "right_elbow_angle": 10.0,
        "left_leg_spread": 0.1,
        "right_hip_angle": 10.0,
        "right_leg_spread": 0.1,
        "right_shoulder_angle": 10.0
      },
      "min_hold_duration": 1.8214498305084743,
      "mean_keypoints": [
        [
          928.5165405273438,
          626.8297729492188
        ],
        [
          933.3936157226562,
          612.9944458007812
        ],
        [
          931.7211303710938,
          611.3877563476562
        ],
        [
          920.9821166992188,
          602.0184326171875
        ],
        [
          916.8941650390625,
          598.0932006835938
        ],
        [
          837.1482543945312,
          586.606689453125
        ],
        [
          856.08447265625,
          605.8099975585938
        ],
        [
          740.4391479492188,
          552.30126953125
        ],
        [
          754.3469848632812,
          569.4364624023438
        ],
        [
          747.5675048828125,
          625.5550537109375
        ],
        [
          770.0278930664062,
          667.0693969726562
        ],
        [
          653.1281127929688,
          608.770263671875
        ],
        [
          656.5496215820312,
          630.498046875
        ],
        [
          504.4801330566406,
          627.182373046875
        ],
        [
          499.92822265625,
          652.727783203125
        ],
        [
          363.8039855957031,
          630.954345703125
        ],
        [
          348.74072265625,
          657.6376953125
        ]
      ]
    },
    {
      "state_id": 1,
      "mean_features": {
        "right_arm_elevation": -1.120008901913216,
        "right_knee_angle": 166.72324062231274,
        "torso_angle": 37.16135463223246,
        "body_center_y": 3.182999812747053,
        "right_elbow_angle": 163.47624697004045,
        "left_knee_angle": 169.44812552134195,
        "left_leg_spread": 1.4273877000082853,
        "left_hip_angle": 155.39670340220133,
        "right_hip_angle": 144.11106684950533,
        "right_leg_spread": 1.554744141721614,
        "right_shoulder_angle": 33.21940700845919
      },
      "feature_tolerances": {
        "right_arm_elevation": 0.10312207186333099,
        "right_knee_angle": 10.0,
        "torso_angle": 10.0,
        "body_center_y": 0.1,
        "right_elbow_angle": 21.944780440972814,
        "left_knee_angle": 10.0,
        "left_leg_spread": 0.1,
        "left_hip_angle": 10.0,
        "right_hip_angle": 10.0,
        "right_leg_spread": 0.1,
        "right_shoulder_angle": 10.738352358424963
      },
      "min_hold_duration": 2.441943728813559,
      "mean_keypoints": [
        [
          796.261474609375,
          373.6444091796875
        ],
        [
          786.4974365234375,
          366.2686462402344
        ],
        [
          784.120361328125,
          368.5605773925781
        ],
        [
          770.6303100585938,
          378.13177490234375
        ],
        [
          768.615966796875,
          381.5617980957031
        ],
        [
          737.7697143554688,
          444.19110107421875
        ],
        [
          755.772705078125,
          460.34271240234375
        ],
        [
          726.8291015625,
          545.1865844726562
        ],
        [
          746.4429321289062,
          569.4279174804688
        ],
        [
          746.032470703125,
          629.9268188476562
        ],
        [
          768.2704467773438,
          670.8540649414062
        ],
        [
          627.9532470703125,
          589.5028686523438
        ],
        [
          635.4163208007812,
          613.9256591796875
        ],
        [
          491.2621765136719,
          627.9909057617188
        ],
        [
          490.5497131347656,
          656.5763549804688
        ],
        [
          358.1135559082031,
          632.410888671875
        ],
        [
          341.583740234375,
          664.8462524414062
        ]
      ]
    }
  ],
  "transitions": {
    "0": [
      1
    ],
    "1": [
      0
    ]
  }
}