{
  "version": "1.1",
  "metadata": {
    "video_path": "deadbug.mp4",
    "fps": 29.99963325631716,
    "original_fps": 29.99963325631716,
    "skip_frames": 1,
    "total_frames": 409,
    "valid_frames": 409,
    "num_states": 3,
    "num_segments": 5,
    "created_at": "2026-02-25T12:32:44.512700",
    "stability_threshold": 0.1,
    "temporal_sequence": [
      0,
      1,
      0,
      2,
      0
    ]
  },
  "states": [
    {
      "state_id": 0,
      "mean_features": {
        "right_leg_spread": 0.8107808570939351,
        "left_knee_angle": 80.50337654893546,
        "left_shoulder_angle": 79.35789396456587,
        "torso_angle": 88.81843115245007,
        "left_elbow_angle": 168.4236943770175,
        "right_shoulder_angle": 86.71331819795635,
        "left_hip_angle": 93.32041914803641,
        "right_elbow_angle": 165.66098655591472,
        "left_arm_elevation": 1.0789051216792285,
        "right_knee_angle": 82.7143447421846,
        "right_hip_angle": 95.89209599903651,
        "right_arm_elevation": 0.9020443224103887,
        "body_center_y": 3.9302162884613643,
        "left_leg_spread": 0.8307030846252951
      },
      "feature_tolerances": {
        "right_leg_spread": 0.17566667167807004,
        "left_knee_angle": 17.83692014438418,
        "left_shoulder_angle": 10.0,
        "torso_angle": 10.0,
        "left_elbow_angle": 10.0,
        "right_shoulder_angle": 10.0,
        "left_hip_angle": 10.822144551119411,
        "right_elbow_angle": 10.0,
        "left_arm_elevation": 0.1,
        "right_knee_angle": 49.28386016056387,
        "right_hip_angle": 33.88096939061526,
        "right_arm_elevation": 0.1,
        "body_center_y": 0.1,
        "left_leg_spread": 0.1897697584434277
      },
      "min_hold_duration": 1.4400176039119803,
      "mean_keypoints": [
        [
          886.2242431640625,
          593.85791015625
        ],
        [
          898.7426147460938,
          600.4252319335938
        ],
        [
          896.7249755859375,
          595.6668701171875
        ],
        [
          901.5833740234375,
          617.5294799804688
        ],
        [
          897.9061279296875,
          608.2645874023438
        ],
        [
          866.9208984375,
          647.7987060546875
        ],
        [
          838.8748779296875,
          614.4998168945312
        ],
        [
          851.9400634765625,
          558.642822265625
        ],
        [
          830.5903930664062,
          542.0308837890625
        ],
        [
          855.0890502929688,
          473.9435119628906
        ],
        [
          839.6305541992188,
          468.8852233886719
        ],
        [
          691.9525146484375,
          645.0135498046875
        ],
        [
          690.9326171875,
          623.8550415039062
        ],
        [
          684.7364501953125,
          500.13006591796875
        ],
        [
          682.7672729492188,
          493.17279052734375
        ],
        [
          556.9856567382812,
          526.9180908203125
        ],
        [
          558.7159423828125,
          522.8721313476562
        ]
      ]
    },
    {
      "state_id": 1,
      "mean_features": {
        "right_leg_spread": 0.5534193384704774,
        "left_knee_angle": 171.85923239277798,
        "left_shoulder_angle": 75.68729897831263,
        "torso_angle": 93.5776386536526,
        "left_elbow_angle": 174.94146020684158,
        "right_shoulder_angle": 159.09515074703896,
        "left_hip_angle": 169.07601531933437,
        "right_elbow_angle": 174.7232908980613,
        "left_arm_elevation": 0.9461092438973355,
        "right_knee_angle": 65.19696633965016,
        "right_hip_angle": 88.6357360521442,
        "right_arm_elevation": 0.19610407857604048,
        "body_center_y": 3.5290273376299517,
        "left_leg_spread": 1.4419715993859794
      },
      "feature_tolerances": {
        "right_leg_spread": 0.1,
        "left_knee_angle": 31.932916955682323,
        "left_shoulder_angle": 10.0,
        "torso_angle": 10.0,
        "left_elbow_angle": 10.0,
        "right_shoulder_angle": 13.2434855025908,
        "left_hip_angle": 23.716154838729594,
        "right_elbow_angle": 11.346191099409149,
        "left_arm_elevation": 0.1,
        "right_knee_angle": 10.64607696470899,
        "right_hip_angle": 10.0,
        "right_arm_elevation": 0.1,
        "body_center_y": 0.1,
        "left_leg_spread": 0.10753005421273354
      },
      "min_hold_duration": 1.780021760391198,
      "mean_keypoints": [
        [
          884.7319946289062,
          593.9027709960938
        ],
        [
          896.004638671875,
          599.1859741210938
        ],
        [
          895.741943359375,
          596.4242553710938
        ],
        [
          898.43310546875,
          614.4400634765625
        ],
        [
          896.6823120117188,
          609.4691162109375
        ],
        [
          861.4170532226562,
          641.7454223632812
        ],
        [
          858.313720703125,
          628.9483642578125
        ],
        [
          843.3553466796875,
          555.3973388671875
        ],
        [
          930.7077026367188,
          608.1171264648438
        ],
        [
          833.8445434570312,
          474.4468078613281
        ],
        [
          1003.204345703125,
          594.1880493164062
        ],
        [
          676.03759765625,
          633.8186645507812
        ],
        [
          690.8933715820312,
          615.1472778320312
        ],
        [
          548.7875366210938,
          600.4222412109375
        ],
        [
          702.5109252929688,
          501.7863464355469
        ],
        [
          423.4595642089844,
          584.0980224609375
        ],
        [
          592.0186767578125,
          538.2421875
        ]
      ]
    },
    {
      "state_id": 2,
      "mean_features": {
        "right_leg_spread": 1.4435343561013245,
        "left_knee_angle": 62.97762343879091,
        "left_shoulder_angle": 147.7539067878794,
        "torso_angle": 88.30891415626085,
        "left_elbow_angle": 178.59622639671986,
        "right_shoulder_angle": 86.21038205459962,
        "left_hip_angle": 87.21722298871607,
        "right_elbow_angle": 171.5800884579462,
        "left_arm_elevation": 0.5097055846552238,
        "right_knee_angle": 165.75460195452916,
        "right_hip_angle": 155.28576796041574,
        "right_arm_elevation": 0.9211785325535155,
        "body_center_y": 3.7961527257328354,
        "left_leg_spread": 0.6297839927540639
      },
      "feature_tolerances": {
        "right_leg_spread": 0.13893444274004263,
        "left_knee_angle": 10.0,
        "left_shoulder_angle": 19.67483178725426,
        "torso_angle": 10.0,
        "left_elbow_angle": 10.0,
        "right_shoulder_angle": 10.0,
        "left_hip_angle": 10.0,
        "right_elbow_angle": 10.0,
        "left_arm_elevation": 0.27754405451928005,
        "right_knee_angle": 29.78380757284049,
        "right_hip_angle": 22.84578192288695,
        "right_arm_elevation": 0.1,
        "body_center_y": 0.1,
        "left_leg_spread": 0.1
      },
      "min_hold_duration": 1.5400188264058678,