{
  "version": "1.1",
  "metadata": {
    "video_path": "high-knees.mp4",
    "fps": 29.75040722612301,
    "original_fps": 29.75040722612301,
    "skip_frames": 1,
    "total_frames": 249,
    "valid_frames": 249,
    "num_states": 2,
    "num_segments": 3,
    "created_at": "2026-02-25T13:09:45.778027",
    "stability_threshold": 0.1,
    "temporal_sequence": [
      0,
      1,
      0
    ]
  },
  "states": [
    {
      "state_id": 0,
      "mean_features": {
        "left_arm_elevation": -1.0375129786806514,
        "right_arm_elevation": -0.6591729197890834,
        "right_shoulder_angle": 28.150204728673213,
        "right_knee_angle": 143.18775470058338,
        "left_leg_spread": 0.1722028354972991,
        "left_elbow_angle": 175.7183090534439,
        "body_center_y": 2.9231944177506928,
        "left_knee_angle": 177.80811370993823,
        "torso_angle": 4.846458327302236,
        "left_hip_angle": 172.13548083733488,
        "right_leg_spread": 0.05348721588223764,
        "right_hip_angle": 141.78466818285006,
        "left_shoulder_angle": 16.130932710128278,
        "right_elbow_angle": 123.11441991397659
      },
      "feature_tolerances": {
        "left_arm_elevation": 0.18680399177157386,
        "right_arm_elevation": 0.1,
        "right_shoulder_angle": 10.0,
        "right_knee_angle": 44.1811045185115,
        "left_leg_spread": 0.1,
        "left_elbow_angle": 10.0,
        "body_center_y": 0.13790628323018292,
        "left_knee_angle": 10.0,
        "torso_angle": 10.0,
        "left_hip_angle": 10.0,
        "right_leg_spread": 0.1,
        "right_hip_angle": 42.34898699400059,
        "left_shoulder_angle": 10.0,
        "right_elbow_angle": 10.0
      },
      "min_hold_duration": 1.3209903212851406,
      "mean_keypoints": [
        [
          692.94482421875,
          190.7216033935547
        ],
        [
          700.46435546875,
          180.74880981445312
        ],
        [
          682.731201171875,
          182.90296936035156
        ],
        [
          708.5964965820312,
          185.39939880371094
        ],
        [
          675.3987426757812,
          190.66416931152344
        ],
        [
          743.364501953125,
          256.1227111816406
        ],
        [
          646.4512939453125,
          256.2143249511719
        ],
        [
          746.607666015625,
          330.7328186035156
        ],
        [
          620.01318359375,
          317.95294189453125
        ],
        [
          744.7186279296875,
          392.99224853515625
        ],
        [
          637.337646484375,
          344.2258605957031
        ],
        [
          710.3202514648438,
          394.1895446777344
        ],
        [
          657.6032104492188,
          383.6646423339844
        ],
        [
          698.62890625,
          510.97857666015625
        ],
        [
          646.9728393554688,
          416.71875
        ],
        [
          687.9024658203125,
          623.5836181640625
        ],
        [
          652.7152709960938,
          512.5441284179688
        ]
      ]
    },
    {
      "state_id": 1,
      "mean_features": {
        "left_arm_elevation": -0.7040987275432217,
        "right_arm_elevation": -1.0369832923217694,
        "right_shoulder_angle": 18.04106154594755,
        "right_knee_angle": 176.03979696824325,
        "left_leg_spread": 0.025895360898570655,
        "left_elbow_angle": 150.64901286311468,
        "body_center_y": 2.940671561410754,
        "left_knee_angle": 119.18918399421534,
        "torso_angle": -3.3223493219117035,
        "left_hip_angle": 121.50253041214566,
        "right_leg_spread": 0.18511033095093576,
        "right_hip_angle": 171.3513087058554,
        "left_shoulder_angle": 17.63867997289051,
        "right_elbow_angle": 170.79101354526705
      },
      "feature_tolerances": {
        "left_arm_elevation": 0.1,
        "right_arm_elevation": 0.17457610334068832,
        "right_shoulder_angle": 10.0,
        "right_knee_angle": 10.0,
        "left_leg_spread": 0.1,
        "left_elbow_angle": 10.0,
        "body_center_y": 0.1,
        "left_knee_angle": 33.71057893419628,
        "torso_angle": 10.0,
        "left_hip_angle": 35.22599868346635,
        "right_leg_spread": 0.1,
        "right_hip_angle": 10.0,
        "left_shoulder_angle": 10.0,
        "right_elbow_angle": 23.877159359423107
      },
      "min_hold_duration": 1.976443534136546,
      "mean_keypoints": [
        [
          650.1078491210938,
          190.4816436767578
        ],
        [
          656.4505004882812,
          180.3224639892578
        ],
        [
          639.1331176757812,
          183.1274871826172
        ],
        [
          662.40283203125,
          185.02195739746094
        ],
        [
          629.7968139648438,
          191.058837890625
        ],
        [
          700.3667602539062,
          248.52175903320312
        ],
        [
          606.800048828125,
          262.15673828125
        ],
        [
          712.5530395507812,
          308.7013244628906
        ],
        [
          600.8963012695312,
          333.8887939453125
        ],
        [
          702.2796020507812,
          341.873046875
        ],
        [
          604.1016235351562,
          399.0363464355469
        ],
        [
          686.0836791992188,
          380.1719970703125
        ],
        [
          636.6695556640625,
          393.33526611328125
        ],
        [
          698.42041015625,
          396.9287414550781
        ],
        [
          645.5466918945312,
          515.6112670898438
        ],
        [
          684.9314575195312,
          490.7080383300781
        ],
        [
          660.9151611328125,
          624.7090454101562
        ]
      ]
    }
  ],
  "transitions": {
    "0": [
      1
    ],
    "1": [
      0
    ]
  }
}