{
  "version": "1.1",
  "metadata": {
    "video_path": "knee-hug.mp4",
    "fps": 30.01549980727753,
    "original_fps": 30.01549980727753,
    "skip_frames": 1,
    "total_frames": 366,
    "valid_frames": 366,
    "num_states": 3,
    "num_segments": 5,
    "created_at": "2026-02-25T13:13:45.950234",
    "stability_threshold": 0.1,
    "temporal_sequence": [
      0,
      1,
      0,
      2,
      0
    ]
  },
  "states": [
    {
      "state_id": 0,
      "mean_features": {
        "right_arm_elevation": -1.0235275604637155,
        "left_elbow_angle": 174.88151029501472,
        "left_hip_angle": 175.31057754689076,
        "torso_angle": -0.33980384515441653,
        "right_elbow_angle": 177.88197966516452,
        "left_shoulder_angle": 16.655949108207267,
        "right_hip_angle": 174.48378051787168,
        "left_knee_angle": 173.18243279450212,
        "right_shoulder_angle": 14.210484222599726,
        "body_center_y": 2.0803116331282805,
        "left_leg_spread": 0.06180020231915583,
        "right_leg_spread": 0.07748264479355688,
        "right_knee_angle": 176.21544245380005,
        "left_arm_elevation": -1.0188012872573962
      },
      "feature_tolerances": {
        "right_arm_elevation": 0.1,
        "left_elbow_angle": 10.0,
        "left_hip_angle": 12.084816485432313,
        "torso_angle": 10.0,
        "right_elbow_angle": 10.0,
        "left_shoulder_angle": 10.0,
        "right_hip_angle": 10.011563861907424,
        "left_knee_angle": 12.212575699282173,
        "right_shoulder_angle": 10.0,
        "body_center_y": 0.1,
        "left_leg_spread": 0.10666551720551715,
        "right_leg_spread": 0.1,
        "right_knee_angle": 10.0,
        "left_arm_elevation": 0.1
      },
      "min_hold_duration": 1.6791324590163934,
      "mean_keypoints": [
        [
          620.7013549804688,
          112.67157745361328
        ],
        [
          632.0902099609375,
          101.77926635742188
        ],
        [
          610.3434448242188,
          103.86210632324219
        ],
        [
          641.9149169921875,
          107.49105072021484
        ],
        [
          602.3983764648438,
          110.71172332763672
        ],
        [
          685.2385864257812,
          179.1792755126953
        ],
        [
          571.5935668945312,
          184.99954223632812
        ],
        [
          699.3488159179688,
          269.89093017578125
        ],
        [
          562.8818359375,
          276.69158935546875
        ],
        [
          705.1061401367188,
          351.2826232910156
        ],
        [
          556.7597045898438,
          357.755126953125
        ],
        [
          661.957763671875,
          349.53668212890625
        ],
        [
          597.2633666992188,
          351.5756530761719
        ],
        [
          653.1783447265625,
          480.1745910644531
        ],
        [
          605.2197265625,
          482.2230529785156
        ],
        [
          655.9638061523438,
          605.5894165039062
        ],
        [
          607.778076171875,
          608.5095825195312
        ]
      ]
    },
    {
      "state_id": 1,
      "mean_features": {
        "right_arm_elevation": -0.7342143040990072,
        "left_elbow_angle": 144.8978891441955,
        "left_hip_angle": 170.54978983511938,
        "torso_angle": 6.250016540361086,
        "right_elbow_angle": 175.95149993896484,
        "left_shoulder_angle": 1.489792769120839,
        "right_hip_angle": 4.342875320816155,
        "left_knee_angle": 178.16584896059936,
        "right_shoulder_angle": 20.022957801818848,
        "body_center_y": 2.166050994078703,
        "left_leg_spread": 0.178748260164232,
        "right_leg_spread": 0.026843549098512807,
        "right_knee_angle": 3.954727459247911,
        "left_arm_elevation": -0.8423885397125963
      },
      "feature_tolerances": {
        "right_arm_elevation": 0.15555933887897816,
        "left_elbow_angle": 10.0,
        "left_hip_angle": 10.0,
        "torso_angle": 10.0,
        "right_elbow_angle": 10.0,
        "left_shoulder_angle": 10.0,
        "right_hip_angle": 25.518652879604705,
        "left_knee_angle": 10.0,
        "right_shoulder_angle": 10.0,
        "body_center_y": 0.1,
        "left_leg_spread": 0.1,
        "right_leg_spread": 0.1,
        "right_knee_angle": 25.526495419538225,
        "left_arm_elevation": 0.1
      },
      "min_hold_duration": 1.1793906557377047,
      "mean_keypoints": [
        [
          668.31982421875,
          112.67980194091797
        ],
        [
          680.2888793945312,
          102.66136932373047
        ],
        [
          659.3713989257812,
          103.53275299072266
        ],
        [
          692.9081420898438,
          109.08785247802734
        ],
        [
          653.47021484375,
          112.19290924072266
        ],
        [
          732.7320556640625,
          183.7548065185547
        ],
        [
          620.2969970703125,
          187.2245330810547
        ],
        [
          712.533447265625,
          269.6119384765625
        ],
        [
          593.40185546875,
          263.1775817871094
        ],
        [
          658.7369995117188,
          318.2264404296875
        ],
        [
          592.5750732421875,
          305.4787902832031
        ],
        [
          688.6292114257812,
          351.0494689941406
        ],
        [
          629.4732055664062,
          334.811279296875
        ],
        [
          676.122802734375,
          487.0376281738281
        ],
        [
          620.4524536132812,
          247.2945098876953
        ],
        [
          661.0143432617188,
          615.5840454101562
        ],
        [
          632.8908081054688,
          380.12994384765625
        ]
      ]
    },
    {
      "state_id": 2,
      "mean_features": {
        "right_arm_elevation": -0.9500279455312659,
        "left_elbow_angle": 149.25637460436138,
        "left_hip_angle": 12.085912507147128,
        "torso_angle": -4.642456548980304,
        "right_elbow_angle": 150.78542281559535,
        "left_shoulder_angle": 28.50525442872729,
        "right_hip_angle": 170.97908371516638,
        "left_knee_angle": 7.701398555721555,
        "right_shoulder_angle": 5.1101541612829475,
        "body_center_y": 2.213056559222085,
        "left_leg_spread": 0.036466517573821224,
        "right_leg_spread": 0.2067235917385135,
        "right_knee_angle": 177.3734258106777,
        "left_arm_elevation": -0.8890283460063593
      },
      "feature_tolerances": {
        "right_arm_elevation": 0.1756476609716748,
        "left_elbow_angle": 19.333100841075453,
        "left_hip_angle": 39.971415685164686,
        "torso_angle": 10.0,
        "right_elbow_angle": 13.295046955763421,
        "left_shoulder_angle": 10.0,
        "right_hip_angle": 10.0,
        "left_knee_angle": 41.139793006455946,
        "right_shoulder_angle": 10.0,
        "body_center_y": 0.11023605774643139,
        "left_leg_spread": 0.1,
        "right_leg_spread": 0.1,
        "right_knee_angle": 10.0,
        "left_arm_elevation": 0.16428055279695522
      },
      "min_hold_duration": 1.5991737704918034,