{
  "version": "1.1",
  "metadata": {
    "video_path": "knee-pushup.mp4",
    "fps": 29.56574725794016,
    "original_fps": 29.56574725794016,
    "skip_frames": 1,
    "total_frames": 317,
    "valid_frames": 317,
    "num_states": 2,
    "num_segments": 2,
    "created_at": "2026-02-25T13:16:17.278563",
    "stability_threshold": 0.1,
    "temporal_sequence": [
      0,
      1
    ]
  },
  "states": [
    {
      "state_id": 0,
      "mean_features": {
        "right_elbow_angle": 164.68749629615718,
        "right_leg_spread": 1.339944777582834,
        "right_shoulder_angle": 62.31660354809882,
        "right_knee_angle": 119.01617101266416,
        "torso_angle": 67.15145305902142,
        "right_arm_elevation": -1.0977539991502796,
        "body_center_y": 2.9874895631951626,
        "right_hip_angle": 158.24518372749571,
        "left_leg_spread": 1.2199707452655084
      },
      "feature_tolerances": {
        "right_elbow_angle": 17.146292098271285,
        "right_leg_spread": 0.1,
        "right_shoulder_angle": 12.16036010777617,
        "right_knee_angle": 10.0,
        "torso_angle": 10.0,
        "right_arm_elevation": 0.1,
        "body_center_y": 0.1,
        "right_hip_angle": 10.0,
        "left_leg_spread": 0.1
      },
      "min_hold_duration": 2.3743692113564667,
      "mean_keypoints": [
        [
          916.1455078125,
          476.0175476074219
        ],
        [
          925.2374877929688,
          463.7005310058594
        ],
        [
          924.83251953125,
          462.803955078125
        ],
        [
          914.0054321289062,
          448.2245178222656
        ],
        [
          913.4898681640625,
          447.6401672363281
        ],
        [
          839.84521484375,
          443.8147888183594
        ],
        [
          857.4984130859375,
          461.686767578125
        ],
        [
          824.1448364257812,
          529.8518676757812
        ],
        [
          846.78955078125,
          562.1140747070312
        ],
        [
          833.7062377929688,
          603.8720092773438
        ],
        [
          862.4884643554688,
          651.36669921875
        ],
        [
          686.8970336914062,
          510.27435302734375
        ],
        [
          689.329833984375,
          529.5003051757812
        ],
        [
          598.4806518554688,
          601.6739501953125
        ],
        [
          590.4248657226562,
          623.3863525390625
        ],
        [
          474.39666748046875,
          570.7741088867188
        ],
        [
          455.967041015625,
          581.8927612304688
        ]
      ]
    },
    {
      "state_id": 1,
      "mean_features": {
        "right_elbow_angle": 68.15126444881123,
        "right_leg_spread": 1.506894079664895,
        "right_shoulder_angle": 16.528967797102634,
        "right_knee_angle": 145.85185798128745,
        "torso_angle": 89.13225974176162,
        "right_arm_elevation": -0.3657259479127731,
        "body_center_y": 3.1816051021255642,
        "right_hip_angle": 164.5618699152667,
        "left_leg_spread": 1.379463435094508
      },
      "feature_tolerances": {
        "right_elbow_angle": 24.199969159771047,
        "right_leg_spread": 0.1,
        "right_shoulder_angle": 10.0,
        "right_knee_angle": 10.0,
        "torso_angle": 10.0,
        "right_arm_elevation": 0.20633584904079635,
        "body_center_y": 0.12090887164538112,
        "right_hip_angle": 10.0,
        "left_leg_spread": 0.1
      },
      "min_hold_duration": 2.313487949526814,
      "mean_keypoints": [
        [
          963.0526733398438,
          614.2352905273438
        ],
        [
          970.3844604492188,
          603.598876953125
        ],
        [
          971.1244506835938,
          603.149658203125
        ],
        [
          963.4063720703125,
          589.78662109375
        ],
        [
          962.9050903320312,
          589.4249877929688
        ],
        [
          892.2276611328125,
          556.0180053710938
        ],
        [
          919.8319702148438,
          580.8508911132812
        ],
        [
          815.8710327148438,
          527.299560546875
        ],
        [
          849.6973876953125,
          565.289794921875
        ],
        [
          825.4459838867188,
          578.822509765625
        ],
        [
          861.9138793945312,
          648.6748046875
        ],
        [
          725.5833740234375,
          561.7738647460938
        ],
        [
          728.2032470703125,
          583.178466796875
        ],
        [
          596.5665893554688,
          600.5431518554688
        ],
        [
          590.732177734375,
          622.3201293945312
        ],
        [
          470.5627136230469,
          567.9044799804688
        ],
        [
          456.99951171875,
          577.751708984375
        ]
      ]
    }
  ],
  "transitions": {
    "0": [
      1
    ],
    "1": [
      0
    ]
  }
}