{
  "version": "1.1",
  "metadata": {
    "video_path": "leg-cradle.mp4",
    "fps": 29.993915315508787,
    "original_fps": 29.993915315508787,
    "skip_frames": 1,
    "total_frames": 419,
    "valid_frames": 419,
    "num_states": 3,
    "num_segments": 5,
    "created_at": "2026-02-25T17:16:31.637799",
    "stability_threshold": 0.1,
    "temporal_sequence": [
      0,
      1,
      0,
      2,
      0
    ]
  },
  "states": [
    {
      "state_id": 0,
      "mean_features": {
        "right_elbow_angle": 178.13094039757001,
        "right_leg_spread": 0.052038089569543915,
        "left_knee_angle": 172.99134356797444,
        "left_hip_angle": 177.12630773521812,
        "left_elbow_angle": 176.54618801318594,
        "torso_angle": 0.0859954236395233,
        "right_knee_angle": 173.0921634607411,
        "right_hip_angle": 172.8627334166427,
        "left_shoulder_angle": 16.19236240974416,
        "left_arm_elevation": -1.014278050961584,
        "right_arm_elevation": -1.0163906687938162,
        "right_shoulder_angle": 13.888892354690231,
        "left_leg_spread": 0.07220482319759636,
        "body_center_y": 2.071347195535
      },
      "feature_tolerances": {
        "right_elbow_angle": 10.0,
        "right_leg_spread": 0.10461502287612305,
        "left_knee_angle": 10.0,
        "left_hip_angle": 10.0,
        "left_elbow_angle": 10.0,
        "torso_angle": 10.0,
        "right_knee_angle": 19.700392383342546,
        "right_hip_angle": 15.428187566363619,
        "left_shoulder_angle": 10.0,
        "left_arm_elevation": 0.1,
        "right_arm_elevation": 0.1,
        "right_shoulder_angle": 10.0,
        "left_leg_spread": 0.10250706315939657,
        "body_center_y": 0.1
      },
      "min_hold_duration": 1.600324582338902,
      "mean_keypoints": [
        [
          625.722412109375,
          113.0462646484375
        ],
        [
          637.488525390625,
          102.48271942138672
        ],
        [
          615.7554931640625,
          103.96357727050781
        ],
        [
          647.5789184570312,
          108.38088989257812
        ],
        [
          607.6451416015625,
          110.28298950195312
        ],
        [
          689.1986083984375,
          179.45516967773438
        ],
        [
          575.6396484375,
          183.388916015625
        ],
        [
          701.825927734375,
          270.1020812988281
        ],
        [
          566.714599609375,
          274.6469421386719
        ],
        [
          708.8671264648438,
          351.60888671875
        ],
        [
          560.3314208984375,
          355.88323974609375
        ],
        [
          664.7296142578125,
          350.4309387207031
        ],
        [
          599.7295532226562,
          350.7165222167969
        ],
        [
          652.2026977539062,
          483.51275634765625
        ],
        [
          603.6201782226562,
          479.654052734375
        ],
        [
          653.7911987304688,
          611.5619506835938
        ],
        [
          601.657958984375,
          608.8011474609375
        ]
      ]
    },
    {
      "state_id": 1,
      "mean_features": {
        "right_elbow_angle": 137.60018709622898,
        "right_leg_spread": 0.19611721024695009,
        "left_knee_angle": 177.1111377757984,
        "left_hip_angle": 177.49603187644877,
        "left_elbow_angle": 152.8285389659169,
        "torso_angle": 3.570840396723905,
        "right_knee_angle": 8.09932037958732,
        "right_hip_angle": 70.49303846254453,
        "left_shoulder_angle": 17.67660615522783,
        "left_arm_elevation": -0.9635074424219656,
        "right_arm_elevation": -0.8383497122879867,
        "right_shoulder_angle": 15.406500707353864,
        "left_leg_spread": 0.3006729226845961,
        "body_center_y": 2.1851038796561104
      },
      "feature_tolerances": {
        "right_elbow_angle": 14.649819661303368,
        "right_leg_spread": 0.12737226607299174,
        "left_knee_angle": 10.0,
        "left_hip_angle": 10.0,
        "left_elbow_angle": 14.88283866682343,
        "torso_angle": 10.0,
        "right_knee_angle": 24.318970675363794,
        "right_hip_angle": 15.704189738695499,
        "left_shoulder_angle": 10.0,
        "left_arm_elevation": 0.13066590289077346,
        "right_arm_elevation": 0.1,
        "right_shoulder_angle": 10.0,
        "left_leg_spread": 0.1,
        "body_center_y": 0.1
      },
      "min_hold_duration": 1.3002637231503578,
      "mean_keypoints": [
        [
          681.9833374023438,
          114.10369873046875
        ],
        [
          693.3706665039062,
          103.7942123413086
        ],
        [
          671.9020385742188,
          104.72199249267578
        ],
        [
          703.77490234375,
          109.83473205566406
        ],
        [
          664.987060546875,
          112.14163970947266
        ],
        [
          744.091552734375,
          183.61192321777344
        ],
        [
          633.19482421875,
          187.47390747070312
        ],
        [
          752.9570922851562,
          272.8478698730469
        ],
        [
          619.6837768554688,
          268.0064697265625
        ],
        [
          729.11962890625,
          335.6008605957031
        ],
        [
          650.9550170898438,
          319.4841613769531
        ],
        [
          709.3792724609375,
          349.8467712402344
        ],
        [
          648.1575317382812,
          333.58892822265625
        ],
        [
          681.59375,
          487.91064453125
        ],
        [
          554.6243286132812,
          313.26324462890625
        ],
        [
          662.73486328125,
          617.8999633789062
        ],
        [
          677.27490234375,
          361.1725769042969
        ]
      ]
    },
    {
      "state_id": 2,
      "mean_features": {
        "right_elbow_angle": 167.88734636717643,
        "right_leg_spread": 0.2798553395028018,
        "left_knee_angle": 19.948978411097105,
        "left_hip_angle": 93.97698486743327,
        "left_elbow_angle": 147.89178978883223,
        "torso_angle": -1.8791388773323456,
        "right_knee_angle": 176.5658352045245,
        "right_hip_angle": 178.7384687497232,
        "left_shoulder_angle": 12.100270316714335,
        "left_arm_elevation": -0.9951223145807141,
        "right_arm_elevation": -0.9585618475397157,
        "right_shoulder_angle": 15.38231534806509,
        "left_leg_spread": 0.2485763207817125,
        "body_center_y": 2.2244694784385004
      },
      "feature_tolerances": {
        "right_elbow_angle": 10.0,
        "right_leg_spread": 0.1,
        "left_knee_angle": 32.38454993365818,
        "left_hip_angle": 12.654956609404866,
        "left_elbow_angle": 11.436203303955518,
        "torso_angle": 10.0,
        "right_knee_angle": 10.0,
        "right_hip_angle": 10.0,
        "left_shoulder_angle": 10.0,
        "left_arm_elevation": 0.1,
        "right_arm_elevation": 0.1,
        "right_shoulder_angle": 10.0,
        "left_leg_spread": 0.1,
        "body_center_y": 0.1
      },
      "min_hold_duration": 1.2602556085918855,