{
  "version": "1.1",
  "metadata": {
    "video_path": "lunge.mp4",
    "fps": 30.02946816969924,
    "original_fps": 30.02946816969924,
    "skip_frames": 1,
    "total_frames": 321,
    "valid_frames": 321,
    "num_states": 2,
    "num_segments": 3,
    "created_at": "2026-02-25T17:22:09.230880",
    "stability_threshold": 0.1,
    "temporal_sequence": [
      0,
      1,
      0
    ]
  },
  "states": [
    {
      "state_id": 0,
      "mean_features": {
        "right_hip_angle": 145.87385965769366,
        "left_leg_spread": 0.6687571216015101,
        "right_shoulder_angle": 35.85347150225114,
        "right_leg_spread": 1.081239075274573,
        "right_arm_elevation": -0.8106177134006298,
        "left_hip_angle": 138.85602733863652,
        "body_center_y": 2.1998033404380637,
        "right_elbow_angle": 115.33360520176586,
        "torso_angle": -3.8276391101848812,
        "right_knee_angle": 159.2882960135681,
        "left_knee_angle": 145.00872096777385
      },
      "feature_tolerances": {
        "right_hip_angle": 10.0,
        "left_leg_spread": 0.13260599474725562,
        "right_shoulder_angle": 10.0,
        "right_leg_spread": 0.1,
        "right_arm_elevation": 0.1,
        "left_hip_angle": 21.320727408610082,
        "body_center_y": 0.1440130904023349,
        "right_elbow_angle": 10.0,
        "torso_angle": 10.0,
        "right_knee_angle": 10.0,
        "left_knee_angle": 40.79412965992895
      },
      "min_hold_duration": 1.8681649532710278,
      "mean_keypoints": [
        [
          699.1231079101562,
          168.60287475585938
        ],
        [
          691.5436401367188,
          156.46914672851562
        ],
        [
          689.6920166015625,
          156.401123046875
        ],
        [
          674.2642211914062,
          160.2975311279297
        ],
        [
          671.8345336914062,
          160.60939025878906
        ],
        [
          659.986328125,
          219.75967407226562
        ],
        [
          651.5628662109375,
          215.37103271484375
        ],
        [
          618.5403442382812,
          289.8277282714844
        ],
        [
          598.9884033203125,
          286.2721862792969
        ],
        [
          647.6679077148438,
          347.8946533203125
        ],
        [
          639.6541137695312,
          361.7225646972656
        ],
        [
          686.2537231445312,
          396.9465637207031
        ],
        [
          649.6200561523438,
          398.250244140625
        ],
        [
          774.9044799804688,
          473.144287109375
        ],
        [
          572.9695434570312,
          508.282958984375
        ],
        [
          807.012451171875,
          597.8327026367188
        ],
        [
          454.20574951171875,
          589.7902221679688
        ]
      ]
    },
    {
      "state_id": 1,
      "mean_features": {
        "right_hip_angle": 151.22010360445293,
        "left_leg_spread": 0.5023239721610611,
        "right_shoulder_angle": 34.47940551383155,
        "right_leg_spread": 1.2821674280400788,
        "right_arm_elevation": -0.8406350558091488,
        "left_hip_angle": 92.08262872695923,
        "body_center_y": 2.856841239812119,
        "right_elbow_angle": 118.45770926134928,
        "torso_angle": 2.2768140929318696,
        "right_knee_angle": 123.88203702654158,
        "left_knee_angle": 78.30008375644684
      },
      "feature_tolerances": {
        "right_hip_angle": 10.0,
        "left_leg_spread": 0.1,
        "right_shoulder_angle": 10.0,
        "right_leg_spread": 0.1,
        "right_arm_elevation": 0.1,
        "left_hip_angle": 14.243823230742114,
        "body_center_y": 0.2738175044354643,
        "right_elbow_angle": 10.0,
        "torso_angle": 10.0,
        "right_knee_angle": 11.11101379742089,
        "left_knee_angle": 21.117534712141786
      },
      "min_hold_duration": 2.5574878504672895,
      "mean_keypoints": [
        [
          768.9073486328125,
          260.6949462890625
        ],
        [
          762.5022583007812,
          248.51229858398438
        ],
        [
          761.2332153320312,
          248.758056640625
        ],
        [
          745.437255859375,
          251.15902709960938
        ],
        [
          743.6863403320312,
          251.8619384765625
        ],
        [
          726.5990600585938,
          308.2906799316406
        ],
        [
          724.125732421875,
          309.5047912597656
        ],
        [
          681.5462036132812,
          377.6390075683594
        ],
        [
          667.781982421875,
          375.45709228515625
        ],
        [
          702.3998413085938,
          433.5015869140625
        ],
        [
          696.4442749023438,
          450.0755615234375
        ],
        [
          731.987060546875,
          471.7098388671875
        ],
        [
          705.849365234375,
          480.3612365722656
        ],
        [
          842.8028564453125,
          473.19439697265625
        ],
        [
          627.2606811523438,
          592.9385986328125
        ],
        [
          816.8674926757812,
          600.9364013671875
        ],
        [
          492.1255798339844,
          591.6455688476562
        ]
      ]
    }
  ],
  "transitions": {
    "0": [
      1
    ],
    "1": [
      0
    ]
  }
}