{
  "version": "1.1",
  "metadata": {
    "video_path": "lying-leg-raise.mp4",
    "fps": 29.965482798295636,
    "original_fps": 29.965482798295636,
    "skip_frames": 1,
    "total_frames": 316,
    "valid_frames": 316,
    "num_states": 2,
    "num_segments": 3,
    "created_at": "2026-02-25T18:59:36.091424",
    "stability_threshold": 0.1,
    "temporal_sequence": [
      0,
      1,
      0
    ]
  },
  "states": [
    {
      "state_id": 0,
      "mean_features": {
        "left_leg_spread": 1.495482340622921,
        "torso_angle": 94.44275896811972,
        "body_center_y": 2.751800126993737,
        "right_hip_angle": 171.27357100385672,
        "right_knee_angle": 176.74415384772126,
        "left_knee_angle": 174.47568712652296,
        "left_elbow_angle": 172.84192451591232,
        "left_shoulder_angle": 16.401665684485923,
        "right_leg_spread": 1.4380197489524278,
        "left_arm_elevation": -0.13414361564298066,
        "left_hip_angle": 171.07096425872595
      },
      "feature_tolerances": {
        "left_leg_spread": 0.1,
        "torso_angle": 10.0,
        "body_center_y": 0.1,
        "right_hip_angle": 10.0,
        "right_knee_angle": 10.0,
        "left_knee_angle": 10.0,
        "left_elbow_angle": 10.0,
        "left_shoulder_angle": 10.0,
        "right_leg_spread": 0.1,
        "left_arm_elevation": 0.1,
        "left_hip_angle": 12.476333657497074
      },
      "min_hold_duration": 1.75201582278481,
      "mean_keypoints": [
        [
          1007.0656127929688,
          551.3364868164062
        ],
        [
          1021.3858642578125,
          562.0383911132812
        ],
        [
          1020.689453125,
          559.4711303710938
        ],
        [
          1019.3179321289062,
          579.80126953125
        ],
        [
          1017.9577026367188,
          574.2098388671875
        ],
        [
          967.7019653320312,
          600.9935913085938
        ],
        [
          946.6526489257812,
          577.6660766601562
        ],
        [
          863.96142578125,
          621.8677978515625
        ],
        [
          851.1646728515625,
          597.8731689453125
        ],
        [
          767.76123046875,
          628.9898071289062
        ],
        [
          764.4373168945312,
          604.0803833007812
        ],
        [
          752.1572265625,
          582.0202026367188
        ],
        [
          747.2307739257812,
          564.2857055664062
        ],
        [
          597.1593627929688,
          575.5508422851562
        ],
        [
          598.8739013671875,
          563.1309204101562
        ],
        [
          441.81732177734375,
          573.157958984375
        ],
        [
          451.6075134277344,
          566.7008666992188
        ]
      ]
    },
    {
      "state_id": 1,
      "mean_features": {
        "left_leg_spread": 0.24048093053899902,
        "torso_angle": 95.9256082052713,
        "body_center_y": 2.9892939722145,
        "left_knee_angle": 171.28910638997843,
        "left_elbow_angle": 172.31154318170235,
        "left_shoulder_angle": 17.699061375397903,
        "left_arm_elevation": -0.14177525553156387,
        "left_hip_angle": 100.14394960298642
      },
      "feature_tolerances": {
        "left_leg_spread": 0.2480495786502102,
        "torso_angle": 10.0,
        "body_center_y": 0.1,
        "left_knee_angle": 10.0,
        "left_elbow_angle": 10.0,
        "left_shoulder_angle": 10.0,
        "left_arm_elevation": 0.1,
        "left_hip_angle": 10.0
      },
      "min_hold_duration": 2.0823959493670885,
      "mean_keypoints": [
        [
          1011.6845703125,
          548.7537841796875
        ],
        [
          1026.3431396484375,
          560.2273559570312
        ],
        [
          1026.291259765625,
          557.4776611328125
        ],
        [
          1024.023193359375,
          578.36767578125
        ],
        [
          1023.7076416015625,
          572.9310913085938
        ],
        [
          971.177734375,
          598.784912109375
        ],
        [
          957.1958618164062,
          573.3418579101562
        ],
        [
          865.8988647460938,
          619.656494140625
        ],
        [
          849.0986328125,
          585.6468505859375
        ],
        [
          767.9749755859375,
          625.6386108398438
        ],
        [
          756.763916015625,
          590.666748046875
        ],
        [
          775.4708251953125,
          576.7237548828125
        ],
        [
          775.6622314453125,
          556.737060546875
        ],
        [
          763.0231323242188,
          409.6192932128906
        ],
        [
          764.4511108398438,
          408.5937805175781
        ],
        [
          726.2499389648438,
          251.73056030273438
        ],
        [
          728.8936767578125,
          253.8173828125
        ]
      ]
    }
  ],
  "transitions": {
    "0": [
      1
    ],
    "1": [
      0
    ]
  }
}