{
  "version": "1.1",
  "metadata": {
    "video_path": "neck-stretch.mp4",
    "fps": 29.986569086972015,
    "original_fps": 29.986569086972015,
    "skip_frames": 1,
    "total_frames": 547,
    "valid_frames": 547,
    "num_states": 3,
    "num_segments": 5,
    "created_at": "2026-02-25T19:01:55.296549",
    "stability_threshold": 0.1,
    "temporal_sequence": [
      0,
      1,
      0,
      2,
      0
    ]
  },
  "states": [
    {
      "state_id": 0,
      "mean_features": {
        "left_elbow_angle": 172.7746547148877,
        "right_elbow_angle": 176.96069820811914,
        "right_hip_angle": 84.43184680416041,
        "torso_angle": -1.447981884816715,
        "left_shoulder_angle": 28.206754893562543,
        "right_knee_angle": 25.1774975569743,
        "left_hip_angle": 96.99748369012988,
        "left_arm_elevation": -0.9623789279287395,
        "right_shoulder_angle": 30.015524488232312,
        "left_leg_spread": 0.448946068471721,
        "right_leg_spread": 0.5516705015659171,
        "body_center_y": 2.4558188414450495,
        "left_knee_angle": 26.44850416849673,
        "right_arm_elevation": -0.9682956320229458
      },
      "feature_tolerances": {
        "left_elbow_angle": 10.0,
        "right_elbow_angle": 11.082806121460573,
        "right_hip_angle": 10.0,
        "torso_angle": 10.0,
        "left_shoulder_angle": 10.0,
        "right_knee_angle": 10.0,
        "left_hip_angle": 10.0,
        "left_arm_elevation": 0.1,
        "right_shoulder_angle": 10.0,
        "left_leg_spread": 0.1,
        "right_leg_spread": 0.1,
        "body_center_y": 0.1,
        "left_knee_angle": 10.0,
        "right_arm_elevation": 0.15094390378341654
      },
      "min_hold_duration": 1.5606987202925047,
      "mean_keypoints": [
        [
          627.96484375,
          232.22860717773438
        ],
        [
          644.3436279296875,
          216.5729217529297
        ],
        [
          611.666748046875,
          219.3755645751953
        ],
        [
          658.27685546875,
          223.5230255126953
        ],
        [
          599.4214477539062,
          228.36317443847656
        ],
        [
          719.8029174804688,
          318.9894104003906
        ],
        [
          552.9266357421875,
          322.3482360839844
        ],
        [
          765.7667846679688,
          433.75738525390625
        ],
        [
          509.4418029785156,
          436.38250732421875
        ],
        [
          819.885009765625,
          531.1737060546875
        ],
        [
          467.5858154296875,
          535.2188720703125
        ],
        [
          695.6278076171875,
          539.8370971679688
        ],
        [
          588.1065673828125,
          541.8580932617188
        ],
        [
          826.2929077148438,
          570.7234497070312
        ],
        [
          487.8240966796875,
          547.5203247070312
        ],
        [
          596.6646728515625,
          624.2410278320312
        ],
        [
          709.5835571289062,
          635.67919921875
        ]
      ]
    },
    {
      "state_id": 1,
      "mean_features": {
        "left_elbow_angle": 178.74822795097467,
        "right_elbow_angle": 66.89055430595509,
        "right_hip_angle": 79.94557844641173,
        "torso_angle": 0.030339862509020443,
        "left_shoulder_angle": 29.778347276584263,
        "right_knee_angle": 19.813633087233367,
        "left_hip_angle": 93.2553239568701,
        "left_arm_elevation": -0.9385472157905842,
        "right_shoulder_angle": 127.54968823963786,
        "left_leg_spread": 0.4583486838881019,
        "right_leg_spread": 0.4737710093629771,
        "body_center_y": 2.301115454593903,
        "left_knee_angle": 23.298325637291217,
        "right_arm_elevation": 0.5222407230088864
      },
      "feature_tolerances": {
        "left_elbow_angle": 10.0,
        "right_elbow_angle": 27.569384361300887,
        "right_hip_angle": 10.0,
        "torso_angle": 10.0,
        "left_shoulder_angle": 10.0,
        "right_knee_angle": 10.0,
        "left_hip_angle": 10.0,
        "left_arm_elevation": 0.1,
        "right_shoulder_angle": 35.30066300058279,
        "left_leg_spread": 0.1,
        "right_leg_spread": 0.1,
        "body_center_y": 0.1,
        "left_knee_angle": 10.0,
        "right_arm_elevation": 0.1792636263518204
      },
      "min_hold_duration": 2.901298903107861,
      "mean_keypoints": [
        [
          606.7128295898438,
          246.53526306152344
        ],
        [
          612.752685546875,
          225.71217346191406
        ],
        [
          586.6409301757812,
          240.9546356201172
        ],
        [
          630.4519653320312,
          220.81207275390625
        ],
        [
          581.3564453125,
          245.6877899169922
        ],
        [
          724.0433349609375,
          311.2317810058594
        ],
        [
          558.9087524414062,
          300.5844421386719
        ],
        [
          774.6453247070312,
          434.16326904296875
        ],
        [
          459.1337890625,
          246.22720336914062
        ],
        [
          817.2616577148438,
          531.7630615234375
        ],
        [
          544.5382690429688,
          181.777587890625
        ],
        [
          694.0505981445312,
          542.3709106445312
        ],
        [
          588.728759765625,
          538.8733520507812
        ],
        [
          825.02783203125,
          567.24560546875
        ],
        [
          473.6474609375,
          533.044189453125
        ],
        [
          586.3567504882812,
          620.7572631835938
        ],
        [
          700.0139770507812,
          627.9382934570312
        ]
      ]
    },
    {
      "state_id": 2,
      "mean_features": {
        "left_elbow_angle": 71.13155715567508,
        "right_elbow_angle": 176.1302339867964,
        "right_hip_angle": 96.49266688144674,
        "torso_angle": 1.280324769207193,
        "left_shoulder_angle": 133.817726642029,
        "right_knee_angle": 31.20254285949484,
        "left_hip_angle": 87.73002835552295,
        "left_arm_elevation": 0.5479277689365825,
        "right_shoulder_angle": 28.156787613720326,
        "left_leg_spread": 0.34875674845415205,
        "right_leg_spread": 0.5745577000291702,
        "body_center_y": 2.3480112162148337,
        "left_knee_angle": 24.032481942424134,
        "right_arm_elevation": -0.962144647596965
      },
      "feature_tolerances": {
        "left_elbow_angle": 31.99974567378817,
        "right_elbow_angle": 10.0,
        "right_hip_angle": 10.0,
        "torso_angle": 10.0,
        "left_shoulder_angle": 39.168546832733504,
        "right_knee_angle": 10.0,
        "left_hip_angle": 10.0,
        "left_arm_elevation": 0.25256803780245585,
        "right_shoulder_angle": 10.0,
        "left_leg_spread": 0.1,
        "right_leg_spread": 0.1,
        "body_center_y": 0.1,
        "left_knee_angle": 10.0,
        "right_arm_elevation": 0.10178837580891788
      },
      "min_hold_duration": 3.141406398537477,