{
  "version": "1.1",
  "metadata": {
    "video_path": "plank.mp4",
    "fps": 29.943567891281816,
    "original_fps": 29.943567891281816,
    "skip_frames": 1,
    "total_frames": 104,
    "valid_frames": 104,
    "num_states": 1,
    "num_segments": 1,
    "created_at": "2026-02-25T19:03:23.540541",
    "stability_threshold": 0.1,
    "temporal_sequence": [
      0
    ]
  },
  "states": [
    {
      "state_id": 0,
      "mean_features": {
        "right_arm_elevation": -0.5112703455728052,
        "body_center_y": 2.514165396115064,
        "right_hip_angle": 163.4167056897621,
        "right_leg_spread": 1.5422399106971072,
        "right_knee_angle": 173.55080794624357,
        "left_arm_elevation": -0.5093183692499081,
        "torso_angle": 94.01394305229188,
        "right_elbow_angle": 84.66612575010502,
        "right_shoulder_angle": 91.01930563021929
      },
      "feature_tolerances": {
        "right_arm_elevation": 0.1,
        "body_center_y": 0.1,
        "right_hip_angle": 10.0,
        "right_leg_spread": 0.1,
        "right_knee_angle": 10.0,
        "left_arm_elevation": 0.1,
        "torso_angle": 10.0,
        "right_elbow_angle": 10.0,
        "right_shoulder_angle": 10.0
      },
      "min_hold_duration": 2.08392,
      "mean_keypoints": [
        [
          933.8936767578125,
          569.0303955078125
        ],
        [
          948.0985717773438,
          561.6049194335938
        ],
        [
          947.7600708007812,
          564.4910888671875
        ],
        [
          946.701904296875,
          543.1226806640625
        ],
        [
          946.2861328125,
          546.5537719726562
        ],
        [
          869.9837646484375,
          502.0605163574219
        ],
        [
          885.607177734375,
          524.5985107421875
        ],
        [
          870.5282592773438,
          592.208740234375
        ],
        [
          879.4326171875,
          629.062744140625
        ],
        [
          950.5454711914062,
          603.611083984375
        ],
        [
          961.6073608398438,
          626.0895385742188
        ],
        [
          678.5452880859375,
          489.94842529296875
        ],
        [
          680.6467895507812,
          509.0970458984375
        ],
        [
          529.0506591796875,
          531.8099975585938
        ],
        [
          528.7841796875,
          541.9219360351562
        ],
        [
          384.7249755859375,
          551.055908203125
        ],
        [
          374.3114013671875,
          557.462158203125
        ]
      ]
    }
  ],
  "transitions": {
    "0": []
  }
}