{
  "version": "1.1",
  "metadata": {
    "video_path": "pushup.mp4",
    "fps": 29.98187908407007,
    "original_fps": 29.98187908407007,
    "skip_frames": 1,
    "total_frames": 273,
    "valid_frames": 273,
    "num_states": 2,
    "num_segments": 3,
    "created_at": "2026-02-25T19:13:07.874014",
    "stability_threshold": 0.1,
    "temporal_sequence": [
      0,
      1,
      0
    ]
  },
  "states": [
    {
      "state_id": 0,
      "mean_features": {
        "body_center_y": 2.880945155084701,
        "right_hip_angle": 171.92043989693778,
        "torso_angle": 77.05958540213447,
        "right_shoulder_angle": 50.31939845682781,
        "right_elbow_angle": 146.8541583243234,
        "right_leg_spread": 1.560685837141673,
        "right_arm_elevation": -1.036945425337837,
        "left_leg_spread": 1.4546517317544847,
        "right_knee_angle": 170.3839670014881
      },
      "feature_tolerances": {
        "body_center_y": 0.12542281850504944,
        "right_hip_angle": 11.848695745061832,
        "torso_angle": 10.0,
        "right_shoulder_angle": 24.815826392266402,
        "right_elbow_angle": 24.85749460966984,
        "right_leg_spread": 0.1,
        "right_arm_elevation": 0.1598066269214431,
        "left_leg_spread": 0.1,
        "right_knee_angle": 10.0
      },
      "min_hold_duration": 1.2507554945054944,
      "mean_keypoints": [
        [
          940.8768920898438,
          495.435791015625
        ],
        [
          951.2119750976562,
          483.5850830078125
        ],
        [
          951.3287963867188,
          482.8537292480469
        ],
        [
          940.718505859375,
          466.6172790527344
        ],
        [
          941.18310546875,
          466.3710632324219
        ],
        [
          854.1836547851562,
          453.20648193359375
        ],
        [
          875.458984375,
          465.6597595214844
        ],
        [
          809.0192260742188,
          527.5753173828125
        ],
        [
          834.8314208984375,
          546.9866333007812
        ],
        [
          818.2164916992188,
          603.548828125
        ],
        [
          846.2577514648438,
          643.2573852539062
        ],
        [
          692.44189453125,
          488.8826904296875
        ],
        [
          700.705810546875,
          505.9224853515625
        ],
        [
          564.2403564453125,
          541.2869262695312
        ],
        [
          567.0831909179688,
          557.8273315429688
        ],
        [
          441.5009765625,
          572.978271484375
        ],
        [
          431.54864501953125,
          585.58349609375
        ]
      ]
    },
    {
      "state_id": 1,
      "mean_features": {
        "body_center_y": 3.1861977133640025,
        "right_hip_angle": 174.33456025487956,
        "torso_angle": 87.81925220426136,
        "right_shoulder_angle": 19.679373260352303,
        "right_elbow_angle": 60.07323237194176,
        "right_leg_spread": 1.5188256858591225,
        "right_arm_elevation": -0.3129111711071971,
        "left_leg_spread": 1.43985349930006,
        "right_knee_angle": 163.18014374286236
      },
      "feature_tolerances": {
        "body_center_y": 0.1,
        "right_hip_angle": 10.0,
        "torso_angle": 10.0,
        "right_shoulder_angle": 10.0,
        "right_elbow_angle": 12.17659527782298,
        "right_leg_spread": 0.1,
        "right_arm_elevation": 0.1286929670664359,
        "left_leg_spread": 0.1,
        "right_knee_angle": 10.0
      },
      "min_hold_duration": 1.7210395604395603,
      "mean_keypoints": [
        [
          969.2567138671875,
          620.2103271484375
        ],
        [
          978.0175170898438,
          610.1168823242188
        ],
        [
          978.6829833984375,
          611.2899169921875
        ],
        [
          971.3900756835938,
          596.1128540039062
        ],
        [
          971.4832153320312,
          597.6103515625
        ],
        [
          896.56005859375,
          561.5816650390625
        ],
        [
          916.4883422851562,
          586.2702026367188
        ],
        [
          806.7686157226562,
          529.9776611328125
        ],
        [
          832.80859375,
          560.9556884765625
        ],
        [
          820.8284912109375,
          581.107666015625
        ],
        [
          850.8336791992188,
          645.4268798828125
        ],
        [
          723.0455322265625,
          571.0323486328125
        ],
        [
          724.3679809570312,
          592.2748413085938
        ],
        [
          588.9268798828125,
          583.3385009765625
        ],
        [
          584.9999389648438,
          610.3538818359375
        ],
        [
          459.6073913574219,
          572.8547973632812
        ],
        [
          446.5506896972656,
          587.6207275390625
        ]
      ]
    }
  ],
  "transitions": {
    "0": [
      1
    ],
    "1": [
      0
    ]
  }
}