{
  "version": "1.1",
  "metadata": {
    "video_path": "shoulder-stretch.mp4",
    "fps": 29.98342836277842,
    "original_fps": 29.98342836277842,
    "skip_frames": 1,
    "total_frames": 427,
    "valid_frames": 427,
    "num_states": 3,
    "num_segments": 4,
    "created_at": "2026-02-25T19:32:55.458903",
    "stability_threshold": 0.1,
    "temporal_sequence": [
      0,
      1,
      0,
      2
    ]
  },
  "states": [
    {
      "state_id": 0,
      "mean_features": {
        "left_hip_angle": 95.21705147067826,
        "left_knee_angle": 26.02757260040108,
        "right_hip_angle": 90.27784662462497,
        "body_center_y": 2.4641383109000925,
        "left_elbow_angle": 172.58973272285604,
        "left_leg_spread": 0.42828713337067054,
        "right_elbow_angle": 174.1990481775059,
        "right_shoulder_angle": 29.059120825256137,
        "torso_angle": -2.158903480766795,
        "left_arm_elevation": -0.9909683852799034,
        "right_leg_spread": 0.5471714446609868,
        "right_knee_angle": 27.92884525613421,
        "left_shoulder_angle": 29.910544029887728,
        "right_arm_elevation": -1.0458497330561476
      },
      "feature_tolerances": {
        "left_hip_angle": 10.0,
        "left_knee_angle": 10.0,
        "right_hip_angle": 10.0,
        "body_center_y": 0.1,
        "left_elbow_angle": 16.98285694974547,
        "left_leg_spread": 0.1,
        "right_elbow_angle": 11.725029304073223,
        "right_shoulder_angle": 10.0,
        "torso_angle": 10.0,
        "left_arm_elevation": 0.1456667855810114,
        "right_leg_spread": 0.1,
        "right_knee_angle": 10.0,
        "left_shoulder_angle": 10.0,
        "right_arm_elevation": 0.11565218333716393
      },
      "min_hold_duration": 1.4107792974238875,
      "mean_keypoints": [
        [
          621.7619018554688,
          231.4786376953125
        ],
        [
          639.235595703125,
          215.43319702148438
        ],
        [
          605.6318969726562,
          217.97039794921875
        ],
        [
          654.1307373046875,
          222.65611267089844
        ],
        [
          593.9246826171875,
          226.6759490966797
        ],
        [
          715.917724609375,
          317.7576599121094
        ],
        [
          547.0039672851562,
          323.2925109863281
        ],
        [
          766.3117065429688,
          433.9379577636719
        ],
        [
          507.77716064453125,
          443.71051025390625
        ],
        [
          820.015380859375,
          530.9937133789062
        ],
        [
          469.2250061035156,
          548.7779541015625
        ],
        [
          693.1180419921875,
          537.2130126953125
        ],
        [
          586.4009399414062,
          541.2720947265625
        ],
        [
          828.0686645507812,
          563.717041015625
        ],
        [
          472.19049072265625,
          561.9317016601562
        ],
        [
          599.158447265625,
          624.317138671875
        ],
        [
          705.692626953125,
          635.113525390625
        ]
      ]
    },
    {
      "state_id": 1,
      "mean_features": {
        "left_hip_angle": 91.50806237540354,
        "left_knee_angle": 23.531568129963485,
        "right_hip_angle": 92.89563105421489,
        "body_center_y": 2.220686206830359,
        "left_elbow_angle": 39.133574191018326,
        "left_leg_spread": 0.42914090774087943,
        "right_elbow_angle": 162.27454250931578,
        "right_shoulder_angle": 82.26282415402748,
        "torso_angle": 2.0949949123194123,
        "left_arm_elevation": 0.21230924110834762,
        "right_leg_spread": 0.4938616003388557,
        "right_knee_angle": 24.15607335761647,
        "left_shoulder_angle": 50.63401556237836,
        "right_arm_elevation": 0.03880522337347985
      },
      "feature_tolerances": {
        "left_hip_angle": 10.0,
        "left_knee_angle": 10.0,
        "right_hip_angle": 10.0,
        "body_center_y": 0.1,
        "left_elbow_angle": 10.692954340413735,
        "left_leg_spread": 0.1,
        "right_elbow_angle": 10.0,
        "right_shoulder_angle": 10.0,
        "torso_angle": 10.0,
        "left_arm_elevation": 0.13215560544731708,
        "right_leg_spread": 0.1,
        "right_knee_angle": 10.0,
        "left_shoulder_angle": 22.906257449184018,
        "right_arm_elevation": 0.1
      },
      "min_hold_duration": 2.141182763466042,
      "mean_keypoints": [
        [
          641.2815551757812,
          233.6779327392578
        ],
        [
          656.4411010742188,
          216.73509216308594
        ],
        [
          626.7346801757812,
          218.70050048828125
        ],
        [
          667.3700561523438,
          221.21803283691406
        ],
        [
          611.8200073242188,
          222.27816772460938
        ],
        [
          705.64697265625,
          300.80267333984375
        ],
        [
          579.0330810546875,
          287.83795166015625
        ],
        [
          755.1326904296875,
          346.3379211425781
        ],
        [
          717.7195434570312,
          305.335693359375
        ],
        [
          738.2276611328125,
          251.85751342773438
        ],
        [
          854.3155517578125,
          279.8761291503906
        ],
        [
          684.4568481445312,
          535.5894165039062
        ],
        [
          582.4080200195312,
          534.29541015625
        ],
        [
          814.3370361328125,
          550.9112548828125
        ],
        [
          473.1233825683594,
          541.2976684570312
        ],
        [
          580.8201293945312,
          621.84326171875
        ],
        [
          701.5176391601562,
          626.8775634765625
        ]
      ]
    },
    {
      "state_id": 2,
      "mean_features": {
        "left_hip_angle": 95.03178857457831,
        "left_knee_angle": 21.242545339952333,
        "right_hip_angle": 89.22153879651617,
        "body_center_y": 2.2105772126581256,
        "left_elbow_angle": 149.26959420655015,
        "left_leg_spread": 0.4279026422040628,
        "right_elbow_angle": 56.913562193183736,
        "right_shoulder_angle": 71.04079076151784,
        "torso_angle": -2.312956016790533,
        "left_arm_elevation": 0.038615215981174435,
        "right_leg_spread": 0.49103288060611056,
        "right_knee_angle": 22.7168111421925,
        "left_shoulder_angle": 80.91725472006425,
        "right_arm_elevation": 0.32665603757947026
      },
      "feature_tolerances": {
        "left_hip_angle": 10.0,
        "left_knee_angle": 10.0,
        "right_hip_angle": 10.0,
        "body_center_y": 0.1,
        "left_elbow_angle": 10.0,
        "left_leg_spread": 0.1,
        "right_elbow_angle": 32.89223614383371,
        "right_shoulder_angle": 10.319959978642853,
        "torso_angle": 10.0,
        "left_arm_elevation": 0.1,
        "right_leg_spread": 0.1,
        "right_knee_angle": 10.0,
        "left_shoulder_angle": 10.524737007672329,
        "right_arm_elevation": 0.16120068593713666
      },
      "min_hold_duration": 1.9410722248243557,