{
  "version": "1.1",
  "metadata": {
    "video_path": "side-plank-raise.mp4",
    "fps": 29.966908579625343,
    "original_fps": 29.966908579625343,
    "skip_frames": 1,
    "total_frames": 211,
    "valid_frames": 211,
    "num_states": 2,
    "num_segments": 3,
    "created_at": "2026-02-25T20:03:25.665870",
    "stability_threshold": 0.06,
    "temporal_sequence": [
      0,
      1,
      0
    ]
  },
  "states": [
    {
      "state_id": 0,
      "mean_features": {
        "right_knee_angle": 173.5239878010546,
        "left_arm_elevation": -0.5481413900197207,
        "right_elbow_angle": 177.40989513311823,
        "left_elbow_angle": 134.2388661835996,
        "left_knee_angle": 175.2342377711953,
        "right_hip_angle": 168.58474456420697,
        "body_center_y": 3.8252710573790663,
        "left_shoulder_angle": 67.27430154663013,
        "right_shoulder_angle": 13.552604943443518,
        "left_hip_angle": 175.92615851129415,
        "right_leg_spread": 1.5309060990786136,
        "torso_angle": 68.74851871113201,
        "right_arm_elevation": -0.29780530336854605,
        "left_leg_spread": 1.6161455968409277
      },
      "feature_tolerances": {
        "right_knee_angle": 10.0,
        "left_arm_elevation": 0.1,
        "right_elbow_angle": 10.0,
        "left_elbow_angle": 10.0,
        "left_knee_angle": 10.0,
        "right_hip_angle": 10.0,
        "body_center_y": 0.1,
        "left_shoulder_angle": 10.0,
        "right_shoulder_angle": 10.0,
        "left_hip_angle": 10.0,
        "right_leg_spread": 0.1,
        "torso_angle": 10.0,
        "right_arm_elevation": 0.1,
        "left_leg_spread": 0.1
      },
      "min_hold_duration": 1.171291990521327,
      "mean_keypoints": [
        [
          910.8355102539062,
          502.8191833496094
        ],
        [
          925.8956909179688,
          501.7010803222656
        ],
        [
          911.516845703125,
          488.8773498535156
        ],
        [
          932.0499267578125,
          510.4031677246094
        ],
        [
          905.15185546875,
          485.4181213378906
        ],
        [
          899.3551635742188,
          582.8685913085938
        ],
        [
          848.8719482421875,
          488.3067321777344
        ],
        [
          889.075439453125,
          644.4767456054688
        ],
        [
          766.8319091796875,
          512.2400512695312
        ],
        [
          905.9871826171875,
          667.5888061523438
        ],
        [
          696.8157348632812,
          533.5069580078125
        ],
        [
          739.8878784179688,
          619.3373413085938
        ],
        [
          719.7030029296875,
          562.9482421875
        ],
        [
          620.2683715820312,
          639.1371459960938
        ],
        [
          605.7651977539062,
          599.84619140625
        ],
        [
          490.3436584472656,
          649.5908203125
        ],
        [
          482.94110107421875,
          625.4221801757812
        ]
      ]
    },
    {
      "state_id": 1,
      "mean_features": {
        "right_knee_angle": 178.25286421837745,
        "left_arm_elevation": -0.5503368633134025,
        "right_elbow_angle": 163.31764597706982,
        "left_elbow_angle": 141.57132337000465,
        "left_knee_angle": 176.50575776533648,
        "right_hip_angle": 133.73124454547832,
        "body_center_y": 3.621548746700411,
        "left_shoulder_angle": 79.28157384055001,
        "right_shoulder_angle": 22.941436964196043,
        "left_hip_angle": 173.13193905818,
        "right_leg_spread": 1.3753761803949034,
        "torso_angle": 75.59184218072272,
        "right_arm_elevation": -0.12148929231908995,
        "left_leg_spread": 1.4884166001499473
      },
      "feature_tolerances": {
        "right_knee_angle": 10.0,
        "left_arm_elevation": 0.1,
        "right_elbow_angle": 10.0,
        "left_elbow_angle": 10.0,
        "left_knee_angle": 10.0,
        "right_hip_angle": 18.20032641386758,
        "body_center_y": 0.1,
        "left_shoulder_angle": 10.0,
        "right_shoulder_angle": 10.0,
        "left_hip_angle": 10.0,
        "right_leg_spread": 0.11133687071511855,
        "torso_angle": 10.0,
        "right_arm_elevation": 0.1012821140016082,
        "left_leg_spread": 0.1
      },
      "min_hold_duration": 1.7619435071090046,
      "mean_keypoints": [
        [
          915.531005859375,
          503.0888366699219
        ],
        [
          929.8896484375,
          504.1142272949219
        ],
        [
          917.380615234375,
          489.7275085449219
        ],
        [
          934.428955078125,
          513.7159423828125
        ],
        [
          911.653564453125,
          485.2424011230469
        ],
        [
          894.5908203125,
          580.1089477539062
        ],
        [
          854.7866821289062,
          482.2357482910156
        ],
        [
          890.3301391601562,
          646.96484375
        ],
        [
          783.016357421875,
          483.11004638671875
        ],
        [
          904.1921997070312,
          666.8388061523438
        ],
        [
          718.7499389648438,
          502.5487060546875
        ],
        [
          725.9972534179688,
          601.7274780273438
        ],
        [
          718.781005859375,
          540.0659790039062
        ],
        [
          610.683349609375,
          629.940185546875
        ],
        [
          611.7105712890625,
          496.48419189453125
        ],
        [
          491.2625732421875,
          651.473876953125
        ],
        [
          501.8425598144531,
          452.4736022949219
        ]
      ]
    }
  ],
  "transitions": {
    "0": [
      1
    ],
    "1": [
      0
    ]
  }
}