{
  "version": "1.1",
  "metadata": {
    "video_path": "side-plank.mp4",
    "fps": 30.005921168443905,
    "original_fps": 30.005921168443905,
    "skip_frames": 1,
    "total_frames": 375,
    "valid_frames": 375,
    "num_states": 2,
    "num_segments": 3,
    "created_at": "2026-02-25T19:46:04.008407",
    "stability_threshold": 0.1,
    "temporal_sequence": [
      0,
      1,
      0
    ]
  },
  "states": [
    {
      "state_id": 0,
      "mean_features": {
        "right_knee_angle": 178.0264560317037,
        "torso_angle": 87.78420583307495,
        "body_center_y": 2.242890788157881,
        "left_shoulder_angle": 87.43826152492788,
        "left_arm_elevation": -0.5236102727508685,
        "right_shoulder_angle": 89.64766819777843,
        "left_elbow_angle": 96.5788913420523,
        "right_leg_spread": 1.538175478866425,
        "left_leg_spread": 1.3823646221842085,
        "right_arm_elevation": -0.507690789486743,
        "right_elbow_angle": 83.89556302761373,
        "right_hip_angle": 171.2621611258141
      },
      "feature_tolerances": {
        "right_knee_angle": 10.0,
        "torso_angle": 10.0,
        "body_center_y": 0.10761096738098808,
        "left_shoulder_angle": 10.0,
        "left_arm_elevation": 0.1,
        "right_shoulder_angle": 11.904901210718347,
        "left_elbow_angle": 10.0,
        "right_leg_spread": 0.1,
        "left_leg_spread": 0.1,
        "right_arm_elevation": 0.1,
        "right_elbow_angle": 11.471416966171345,
        "right_hip_angle": 10.0
      },
      "min_hold_duration": 2.27955008,
      "mean_keypoints": [
        [
          978.2655029296875,
          483.6260070800781
        ],
        [
          990.8847045898438,
          472.1500549316406
        ],
        [
          990.9523315429688,
          470.7684326171875
        ],
        [
          983.928955078125,
          456.2144470214844
        ],
        [
          983.7227172851562,
          456.8580322265625
        ],
        [
          904.351318359375,
          443.90716552734375
        ],
        [
          925.4267578125,
          464.09765625
        ],
        [
          906.043212890625,
          543.2037353515625
        ],
        [
          925.5413818359375,
          576.7159423828125
        ],
        [
          987.6953125,
          551.5397338867188
        ],
        [
          1003.4054565429688,
          569.1113891601562
        ],
        [
          708.86572265625,
          457.1080627441406
        ],
        [
          709.7769165039062,
          467.3743896484375
        ],
        [
          553.9735717773438,
          493.42437744140625
        ],
        [
          549.872802734375,
          494.0816955566406
        ],
        [
          405.6568908691406,
          513.8330078125
        ],
        [
          392.8706359863281,
          517.244873046875
        ]
      ]
    },
    {
      "state_id": 1,
      "mean_features": {
        "right_knee_angle": 176.15932445274905,
        "torso_angle": 71.78194237335113,
        "body_center_y": 2.442533516714759,
        "left_shoulder_angle": 62.81196835925957,
        "left_arm_elevation": -0.49774890700251373,
        "left_knee_angle": 178.81155201822708,
        "left_hip_angle": 175.69190712632138,
        "right_shoulder_angle": 18.247770072116676,
        "left_elbow_angle": 83.78596906652324,
        "right_leg_spread": 1.4655042942292544,
        "left_leg_spread": 1.5083541646675254,
        "right_arm_elevation": -0.3472118327260138,
        "right_elbow_angle": 163.2419297934303,
        "right_hip_angle": 171.1756987566885
      },
      "feature_tolerances": {
        "right_knee_angle": 10.0,
        "torso_angle": 10.0,
        "body_center_y": 0.16159393126288046,
        "left_shoulder_angle": 10.353711387932034,
        "left_arm_elevation": 0.1,
        "left_knee_angle": 10.0,
        "left_hip_angle": 10.0,
        "right_shoulder_angle": 34.22438898515791,
        "left_elbow_angle": 10.693328731730436,
        "right_leg_spread": 0.1,
        "left_leg_spread": 0.1323054607107301,
        "right_arm_elevation": 0.250704269002467,
        "right_elbow_angle": 54.70092586552005,
        "right_hip_angle": 10.0
      },
      "min_hold_duration": 2.8194435199999996,
      "mean_keypoints": [
        [
          939.6842041015625,
          374.4518737792969
        ],
        [
          956.4020385742188,
          376.2786865234375
        ],
        [
          944.5823364257812,
          360.0984191894531
        ],
        [
          958.09130859375,
          385.6463928222656
        ],
        [
          936.1865234375,
          353.8731689453125
        ],
        [
          910.1792602539062,
          461.0325012207031
        ],
        [
          855.8164672851562,
          353.27276611328125
        ],
        [
          886.8068237304688,
          541.9202880859375
        ],
        [
          768.871826171875,
          387.3704833984375
        ],
        [
          965.7566528320312,
          556.6699829101562
        ],
        [
          708.6846923828125,
          420.0333557128906
        ],
        [
          711.336669921875,
          497.5611572265625
        ],
        [
          691.4762573242188,
          433.6898193359375
        ],
        [
          562.6327514648438,
          517.7648315429688
        ],
        [
          550.3933715820312,
          484.3288879394531
        ],
        [
          423.52239990234375,
          533.40234375
        ],
        [
          411.55780029296875,
          524.0026245117188
        ]
      ]
    }
  ],
  "transitions": {
    "0": [
      1
    ],
    "1": [
      0
    ]
  }
}