{
  "version": "1.1",
  "metadata": {
    "video_path": "side-leg-raise.mp4",
    "fps": 29.661583499292767,
    "original_fps": 29.661583499292767,
    "skip_frames": 1,
    "total_frames": 281,
    "valid_frames": 281,
    "num_states": 2,
    "num_segments": 3,
    "created_at": "2026-02-25T19:44:11.524965",
    "stability_threshold": 0.06,
    "temporal_sequence": [
      0,
      1,
      0
    ]
  },
  "states": [
    {
      "state_id": 0,
      "mean_features": {
        "right_elbow_angle": 95.6709657331796,
        "right_shoulder_angle": 1.5205272326075854,
        "right_arm_elevation": -0.5986734516943517,
        "body_center_y": 2.726479588583234,
        "right_leg_spread": 1.4476286554430557,
        "right_hip_angle": 171.55936739166324,
        "left_knee_angle": 171.95301880701982,
        "torso_angle": 85.88098407603047,
        "left_shoulder_angle": 164.6864111754834,
        "left_leg_spread": 1.488204965838744,
        "left_hip_angle": 177.269901432064,
        "right_knee_angle": 176.8980089710017
      },
      "feature_tolerances": {
        "right_elbow_angle": 10.0,
        "right_shoulder_angle": 10.0,
        "right_arm_elevation": 0.1,
        "body_center_y": 0.1,
        "right_leg_spread": 0.1,
        "right_hip_angle": 15.406304905039974,
        "left_knee_angle": 10.0,
        "torso_angle": 10.0,
        "left_shoulder_angle": 10.0,
        "left_leg_spread": 0.1,
        "left_hip_angle": 10.0,
        "right_knee_angle": 10.0
      },
      "min_hold_duration": 1.5879125266903913,
      "mean_keypoints": [
        [
          956.2556762695312,
          509.36907958984375
        ],
        [
          976.6178588867188,
          512.6483154296875
        ],
        [
          961.3471069335938,
          492.63739013671875
        ],
        [
          982.0718383789062,
          523.70947265625
        ],
        [
          952.8232421875,
          487.0771179199219
        ],
        [
          951.362548828125,
          581.0689086914062
        ],
        [
          880.1392211914062,
          486.4034118652344
        ],
        [
          1053.3958740234375,
          609.2598876953125
        ],
        [
          765.1474609375,
          509.88446044921875
        ],
        [
          1015.1849365234375,
          532.2802124023438
        ],
        [
          775.1073608398438,
          606.822265625
        ],
        [
          716.9594116210938,
          580.4502563476562
        ],
        [
          713.4113159179688,
          515.7599487304688
        ],
        [
          553.2744750976562,
          588.01123046875
        ],
        [
          558.6593627929688,
          518.6091918945312
        ],
        [
          417.85968017578125,
          574.994140625
        ],
        [
          423.6897888183594,
          514.1368408203125
        ]
      ]
    },
    {
      "state_id": 1,
      "mean_features": {
        "right_elbow_angle": 95.472583022591,
        "right_shoulder_angle": 3.642589814437793,
        "right_arm_elevation": -0.579487460072335,
        "body_center_y": 2.65330787576717,
        "right_leg_spread": 1.093494185451734,
        "right_hip_angle": 134.34493703588157,
        "left_knee_angle": 167.67492616667295,
        "torso_angle": 88.42263504841138,
        "left_shoulder_angle": 167.31351550381635,
        "left_leg_spread": 1.4437327907391375,
        "left_hip_angle": 172.0237363949237,
        "right_knee_angle": 177.90409049341235
      },
      "feature_tolerances": {
        "right_elbow_angle": 10.0,
        "right_shoulder_angle": 10.0,
        "right_arm_elevation": 0.1,
        "body_center_y": 0.1,
        "right_leg_spread": 0.22253985694519385,
        "right_hip_angle": 15.214681559076107,
        "left_knee_angle": 10.0,
        "torso_angle": 10.0,
        "left_shoulder_angle": 10.0,
        "left_leg_spread": 0.1,
        "left_hip_angle": 10.0,
        "right_knee_angle": 10.0
      },
      "min_hold_duration": 2.386925836298932,
      "mean_keypoints": [
        [
          953.3565673828125,
          508.0367736816406
        ],
        [
          974.2233276367188,
          511.40625
        ],
        [
          959.01513671875,
          492.3656005859375
        ],
        [
          982.0171508789062,
          524.2108154296875
        ],
        [
          953.7821044921875,
          488.566162109375
        ],
        [
          955.452392578125,
          584.2893676757812
        ],
        [
          882.6801147460938,
          488.05572509765625
        ],
        [
          1053.181640625,
          609.6790771484375
        ],
        [
          766.9249267578125,
          509.31048583984375
        ],
        [
          1016.1201782226562,
          533.9555053710938
        ],
        [
          775.3140258789062,
          606.3389892578125
        ],
        [
          710.4390258789062,
          576.2423095703125
        ],
        [
          719.5917358398438,
          507.513916015625
        ],
        [
          550.860595703125,
          593.0
        ],
        [
          602.11328125,
          415.6600036621094
        ],
        [
          415.5667419433594,
          578.2471313476562
        ],
        [
          494.3305969238281,
          336.07952880859375
        ]
      ]
    }
  ],
  "transitions": {
    "0": [
      1
    ],
    "1": [
      0
    ]
  }
}