{
  "version": "1.1",
  "metadata": {
    "video_path": "side-touch.mp4",
    "fps": 29.86280481499813,
    "original_fps": 29.86280481499813,
    "skip_frames": 1,
    "total_frames": 722,
    "valid_frames": 722,
    "num_states": 4,
    "num_segments": 7,
    "created_at": "2026-02-25T20:07:41.220928",
    "stability_threshold": 0.1,
    "temporal_sequence": [
      0,
      1,
      2,
      1,
      3,
      1,
      0
    ]
  },
  "states": [
    {
      "state_id": 0,
      "mean_features": {
        "left_elbow_angle": 177.02580289586695,
        "right_shoulder_angle": 13.721897305241509,
        "torso_angle": -0.9843650004903909,
        "left_knee_angle": 177.04302576294435,
        "body_center_y": 1.9746024910700333,
        "left_shoulder_angle": 11.649665904660875,
        "right_hip_angle": 171.7104715903023,
        "left_hip_angle": 173.15155876412135,
        "right_elbow_angle": 175.81719996411533,
        "right_arm_elevation": -0.9697824756087942,
        "right_knee_angle": 176.69275585818042,
        "left_leg_spread": 0.05727759491979768,
        "right_leg_spread": 0.08674853502978307,
        "left_arm_elevation": -0.9489700867102163
      },
      "feature_tolerances": {
        "left_elbow_angle": 10.0,
        "right_shoulder_angle": 10.0,
        "torso_angle": 10.0,
        "left_knee_angle": 10.0,
        "body_center_y": 0.1,
        "left_shoulder_angle": 10.0,
        "right_hip_angle": 10.0,
        "left_hip_angle": 10.0,
        "right_elbow_angle": 10.0,
        "right_arm_elevation": 0.1,
        "right_knee_angle": 10.0,
        "left_leg_spread": 0.1,
        "right_leg_spread": 0.1,
        "left_arm_elevation": 0.1
      },
      "min_hold_duration": 1.185421135734072,
      "mean_keypoints": [
        [
          622.284423828125,
          90.89701080322266
        ],
        [
          633.25,
          77.94661712646484
        ],
        [
          609.3416748046875,
          80.40631866455078
        ],
        [
          642.5848388671875,
          84.12705993652344
        ],
        [
          599.4733276367188,
          88.98571014404297
        ],
        [
          685.7621459960938,
          173.74241638183594
        ],
        [
          565.3817138671875,
          174.61598205566406
        ],
        [
          693.6669311523438,
          267.5357971191406
        ],
        [
          556.9579467773438,
          271.0754089355469
        ],
        [
          703.451904296875,
          341.6583251953125
        ],
        [
          554.378173828125,
          347.0890197753906
        ],
        [
          662.195068359375,
          352.67437744140625
        ],
        [
          595.0034790039062,
          353.76458740234375
        ],
        [
          660.2166748046875,
          488.1291809082031
        ],
        [
          597.13916015625,
          489.01483154296875
        ],
        [
          652.1968994140625,
          614.8485717773438
        ],
        [
          606.3106079101562,
          613.9423828125
        ]
      ]
    },
    {
      "state_id": 1,
      "mean_features": {
        "left_elbow_angle": 176.42835620331732,
        "right_shoulder_angle": 89.57599162152889,
        "torso_angle": -1.34454255302845,
        "left_knee_angle": 177.15480665195736,
        "body_center_y": 1.7829045767502616,
        "left_shoulder_angle": 91.85255569829336,
        "right_hip_angle": 155.90275203778754,
        "left_hip_angle": 159.2118808321719,
        "right_elbow_angle": 175.0288256954212,
        "right_arm_elevation": -0.08968049743699195,
        "right_knee_angle": 178.18898684831285,
        "left_leg_spread": 0.35406836739742525,
        "right_leg_spread": 0.3319848552480535,
        "left_arm_elevation": -0.033945235637372916
      },
      "feature_tolerances": {
        "left_elbow_angle": 10.0,
        "right_shoulder_angle": 14.44836487110257,
        "torso_angle": 10.0,
        "left_knee_angle": 10.0,
        "body_center_y": 0.1,
        "left_shoulder_angle": 12.75947705993177,
        "right_hip_angle": 12.228483591998053,
        "left_hip_angle": 12.979589622234572,
        "right_elbow_angle": 10.0,
        "right_arm_elevation": 0.18541147208080483,
        "right_knee_angle": 10.0,
        "left_leg_spread": 0.2338206052738658,
        "right_leg_spread": 0.25906501518552255,
        "left_arm_elevation": 0.17161909954200302
      },
      "min_hold_duration": 2.310566620498615,
      "mean_keypoints": [
        [
          628.1655883789062,
          96.36006164550781
        ],
        [
          635.8106689453125,
          82.79397583007812
        ],
        [
          614.2378540039062,
          85.48930358886719
        ],
        [
          643.4221801757812,
          88.77438354492188
        ],
        [
          601.3240356445312,
          93.91765594482422
        ],
        [
          686.8953857421875,
          162.67453002929688
        ],
        [
          561.3229370117188,
          163.23948669433594
        ],
        [
          775.721435546875,
          168.57078552246094
        ],
        [
          475.156005859375,
          176.88795471191406
        ],
        [
          851.5371704101562,
          169.6449432373047
        ],
        [
          388.9280700683594,
          183.1840057373047
        ],
        [
          667.2899780273438,
          368.4862976074219
        ],
        [
          591.3506469726562,
          371.2176513671875
        ],
        [
          702.9635009765625,
          499.05426025390625
        ],
        [
          553.8366088867188,
          500.3753356933594
        ],
        [
          741.9724731445312,
          618.5859375
        ],
        [
          521.0018920898438,
          621.5822143554688
        ]
      ]
    },
    {
      "state_id": 2,
      "mean_features": {
        "left_elbow_angle": 173.74290424013444,
        "right_shoulder_angle": 89.80301371820447,
        "torso_angle": -71.32897033366059,
        "left_knee_angle": 179.40229836404956,
        "body_center_y": 2.538602912349741,
        "left_shoulder_angle": 112.46752402624851,
        "right_hip_angle": 60.96303064635059,
        "left_hip_angle": 138.69890573334848,
        "right_elbow_angle": 171.90694809773328,
        "right_arm_elevation": -1.2957664107971354,
        "right_knee_angle": 171.14554457674657,
        "left_leg_spread": 0.6275238345172612,
        "right_leg_spread": 0.7560086663343758,
        "left_arm_elevation": 1.1452063999450535
      },
      "feature_tolerances": {
        "left_elbow_angle": 10.0,
        "right_shoulder_angle": 10.0,
        "torso_angle": 10.0,
        "left_knee_angle": 10.0,
        "body_center_y": 0.12784896718243172,
        "left_shoulder_angle": 10.0,
        "right_hip_angle": 12.895709442022707,
        "left_hip_angle": 10.0,
        "right_elbow_angle": 10.0,
        "right_arm_elevation": 0.13432225775431986,
        "right_knee_angle": 10.0,
        "left_leg_spread": 0.1,
        "right_leg_spread": 0.1,
        "left_arm_elevation": 0.10341121588849063
      },
      "min_hold_duration": 1.3461562049861495,