{
  "version": "1.1",
  "metadata": {
    "video_path": "squat.mp4",
    "fps": 29.995556213894236,
    "original_fps": 29.995556213894236,
    "skip_frames": 1,
    "total_frames": 324,
    "valid_frames": 324,
    "num_states": 2,
    "num_segments": 3,
    "created_at": "2026-02-25T20:22:41.990646",
    "stability_threshold": 0.14,
    "temporal_sequence": [
      0,
      1,
      0
    ]
  },
  "states": [
    {
      "state_id": 0,
      "mean_features": {
        "left_leg_spread": 0.18147401750694314,
        "left_hip_angle": 171.85819194303434,
        "torso_angle": -1.3381441078175964,
        "left_knee_angle": 173.896045031257,
        "left_shoulder_angle": 82.1299170819662,
        "right_knee_angle": 175.51265673991418,
        "body_center_y": 2.348192652087912,
        "right_shoulder_angle": 75.70495621543996,
        "right_hip_angle": 167.5412805077728,
        "left_arm_elevation": 0.12155132304955246,
        "right_arm_elevation": 0.12368810449791136,
        "right_leg_spread": 0.20197636463545376,
        "left_elbow_angle": 78.34337811866786,
        "right_elbow_angle": 70.80013806264459
      },
      "feature_tolerances": {
        "left_leg_spread": 0.1,
        "left_hip_angle": 10.0,
        "torso_angle": 10.0,
        "left_knee_angle": 10.0,
        "left_shoulder_angle": 108.98687730382014,
        "right_knee_angle": 10.0,
        "body_center_y": 0.25985780074183307,
        "right_shoulder_angle": 47.36403004884469,
        "right_hip_angle": 10.0,
        "left_arm_elevation": 0.14969889506721193,
        "right_arm_elevation": 0.14062005227990323,
        "right_leg_spread": 0.1,
        "left_elbow_angle": 74.48653804382118,
        "right_elbow_angle": 31.673327048360463
      },
      "min_hold_duration": 1.8602755555555555,
      "mean_keypoints": [
        [
          632.24560546875,
          168.73670959472656
        ],
        [
          641.8547973632812,
          158.07247924804688
        ],
        [
          621.555419921875,
          159.12681579589844
        ],
        [
          651.5089721679688,
          162.83248901367188
        ],
        [
          611.1043090820312,
          164.79844665527344
        ],
        [
          681.400390625,
          224.54412841796875
        ],
        [
          589.939697265625,
          225.37515258789062
        ],
        [
          686.9143676757812,
          226.9043426513672
        ],
        [
          580.9764404296875,
          229.07041931152344
        ],
        [
          683.2166748046875,
          203.9729461669922
        ],
        [
          581.7271728515625,
          204.3466339111328
        ],
        [
          672.486328125,
          391.263427734375
        ],
        [
          606.5096435546875,
          393.0598449707031
        ],
        [
          684.5805053710938,
          528.0694580078125
        ],
        [
          590.8716430664062,
          526.8809814453125
        ],
        [
          702.8919067382812,
          658.1485595703125
        ],
        [
          573.0330810546875,
          654.9570922851562
        ]
      ]
    },
    {
      "state_id": 1,
      "mean_features": {
        "left_leg_spread": 0.2956598353811673,
        "left_hip_angle": 122.23026747567313,
        "torso_angle": -1.8927303387437544,
        "left_knee_angle": 118.02402639116559,
        "left_shoulder_angle": 60.90144849504742,
        "right_knee_angle": 126.58621580941335,
        "body_center_y": 4.240217277322498,
        "right_shoulder_angle": 49.33397031239101,
        "right_hip_angle": 119.58541714259556,
        "left_arm_elevation": -0.17926876647131784,
        "right_arm_elevation": -0.1780913339741528,
        "right_leg_spread": 0.3540706808652196,
        "left_elbow_angle": 62.99425198691231,
        "right_elbow_angle": 99.58734767096382
      },
      "feature_tolerances": {
        "left_leg_spread": 0.1,
        "left_hip_angle": 11.283208563801093,
        "torso_angle": 10.0,
        "left_knee_angle": 11.939648946763938,
        "left_shoulder_angle": 10.0,
        "right_knee_angle": 13.442656572583726,
        "body_center_y": 0.22610765146091386,
        "right_shoulder_angle": 19.83914085295368,
        "right_hip_angle": 12.289696470035592,
        "left_arm_elevation": 0.1,
        "right_arm_elevation": 0.1,
        "right_leg_spread": 0.1,
        "left_elbow_angle": 14.466696260982815,
        "right_elbow_angle": 19.895344739749632
      },
      "min_hold_duration": 2.0002962962962965,
      "mean_keypoints": [
        [
          635.5443115234375,
          352.8163146972656
        ],
        [
          648.0070190429688,
          342.0946350097656
        ],
        [
          623.6918334960938,
          343.1202087402344
        ],
        [
          660.1375122070312,
          344.57061767578125
        ],
        [
          614.3279418945312,
          345.5034484863281
        ],
        [
          683.5138549804688,
          381.0794982910156
        ],
        [
          591.6119384765625,
          388.12872314453125
        ],
        [
          704.8731079101562,
          394.90960693359375
        ],
        [
          580.826171875,
          400.254150390625
        ],
        [
          692.1048583984375,
          402.015380859375
        ],
        [
          588.1327514648438,
          409.01348876953125
        ],
        [
          674.2908325195312,
          504.2181701660156
        ],
        [
          608.6285400390625,
          503.8856201171875
        ],
        [
          727.3429565429688,
          545.2803344726562
        ],
        [
          563.4413452148438,
          541.2453002929688
        ],
        [
          709.4144287109375,
          665.917724609375
        ],
        [
          566.3972778320312,
          665.304443359375
        ]
      ]
    }
  ],
  "transitions": {
    "0": [
      1
    ],
    "1": [
      0
    ]
  }
}