{
  "version": "1.1",
  "metadata": {
    "video_path": "squat-hold.mp4",
    "fps": 30.010411775513955,
    "original_fps": 30.010411775513955,
    "skip_frames": 1,
    "total_frames": 98,
    "valid_frames": 98,
    "num_states": 1,
    "num_segments": 1,
    "created_at": "2026-02-25T20:31:20.078538",
    "stability_threshold": 0.14,
    "temporal_sequence": [
      0
    ]
  },
  "states": [
    {
      "state_id": 0,
      "mean_features": {
        "right_elbow_angle": 144.42803248265514,
        "right_shoulder_angle": 53.980441008086814,
        "torso_angle": -0.6333945322698534,
        "left_shoulder_angle": 55.17622748718781,
        "left_knee_angle": 126.02067384636436,
        "body_center_y": 3.80464957167618,
        "left_arm_elevation": -0.3478216199466798,
        "left_elbow_angle": 159.21155464683957,
        "left_hip_angle": 126.36269903229325,
        "right_leg_spread": 0.27665428148457677,
        "right_knee_angle": 129.48298987749135,
        "left_leg_spread": 0.2877775056875945,
        "right_hip_angle": 127.72150597382333,
        "right_arm_elevation": -0.35734759847134845
      },
      "feature_tolerances": {
        "right_elbow_angle": 10.0,
        "right_shoulder_angle": 10.0,
        "torso_angle": 10.0,
        "left_shoulder_angle": 10.0,
        "left_knee_angle": 10.0,
        "body_center_y": 0.1,
        "left_arm_elevation": 0.1,
        "left_elbow_angle": 10.0,
        "left_hip_angle": 10.0,
        "right_leg_spread": 0.1,
        "right_knee_angle": 10.0,
        "left_leg_spread": 0.1,
        "right_hip_angle": 10.0,
        "right_arm_elevation": 0.1
      },
      "min_hold_duration": 1.95932,
      "mean_keypoints": [
        [
          688.97509765625,
          297.9177551269531
        ],
        [
          697.4369506835938,
          288.0009460449219
        ],
        [
          677.9911499023438,
          289.4419860839844
        ],
        [
          704.83056640625,
          291.5903625488281
        ],
        [
          671.3385009765625,
          295.5582580566406
        ],
        [
          736.8265991210938,
          347.7113342285156
        ],
        [
          645.3081665039062,
          346.430908203125
        ],
        [
          774.700439453125,
          381.95703125
        ],
        [
          611.290283203125,
          379.8697814941406
        ],
        [
          797.3687744140625,
          390.771240234375
        ],
        [
          609.4286499023438,
          390.7661437988281
        ],
        [
          721.1112670898438,
          471.641357421875
        ],
        [
          663.8020629882812,
          469.7732238769531
        ],
        [
          770.0833740234375,
          518.1258544921875
        ],
        [
          617.9442749023438,
          517.561279296875
        ],
        [
          756.6856079101562,
          618.6336059570312
        ],
        [
          629.5818481445312,
          616.0101928710938
        ]
      ]
    }
  ],
  "transitions": {
    "0": []
  }
}