{
  "version": "1.1",
  "metadata": {
    "video_path": "toe-touch-crunch.mp4",
    "fps": 29.896125618439463,
    "original_fps": 29.896125618439463,
    "skip_frames": 1,
    "total_frames": 255,
    "valid_frames": 255,
    "num_states": 2,
    "num_segments": 2,
    "created_at": "2026-02-25T20:33:43.350084",
    "stability_threshold": 0.14,
    "temporal_sequence": [
      0,
      1
    ]
  },
  "states": [
    {
      "state_id": 0,
      "mean_features": {
        "left_arm_elevation": 0.8085261197114478,
        "torso_angle": 81.71593830541812,
        "left_knee_angle": 171.6342369917985,
        "body_center_y": 3.6243481103130066,
        "right_shoulder_angle": 119.92203654115801,
        "left_leg_spread": 1.2838059809181717,
        "left_elbow_angle": 168.17190584415295,
        "left_shoulder_angle": 120.0457435428254,
        "left_hip_angle": 137.50280743553523,
        "right_elbow_angle": 173.91055445318173,
        "right_leg_spread": 1.2100091642803616,
        "right_arm_elevation": 0.7435345972959811
      },
      "feature_tolerances": {
        "left_arm_elevation": 0.1,
        "torso_angle": 10.0,
        "left_knee_angle": 10.0,
        "body_center_y": 0.10971233030600057,
        "right_shoulder_angle": 10.0,
        "left_leg_spread": 0.1,
        "left_elbow_angle": 10.0,
        "left_shoulder_angle": 10.0,
        "left_hip_angle": 10.0,
        "right_elbow_angle": 10.0,
        "right_leg_spread": 0.1,
        "right_arm_elevation": 0.1
      },
      "min_hold_duration": 1.826323607843137,
      "mean_keypoints": [
        [
          850.601318359375,
          562.4427490234375
        ],
        [
          865.9334716796875,
          558.6912841796875
        ],
        [
          860.5014038085938,
          556.0440063476562
        ],
        [
          881.4395751953125,
          571.8140258789062
        ],
        [
          871.643310546875,
          566.3563232421875
        ],
        [
          880.4609985351562,
          626.8530883789062
        ],
        [
          851.2844848632812,
          602.3908081054688
        ],
        [
          911.995849609375,
          551.1423950195312
        ],
        [
          873.7120361328125,
          535.772216796875
        ],
        [
          959.1923828125,
          482.8633728027344
        ],
        [
          904.10302734375,
          470.05615234375
        ],
        [
          695.2870483398438,
          647.9524536132812
        ],
        [
          688.1234741210938,
          632.4468383789062
        ],
        [
          584.5440063476562,
          566.106201171875
        ],
        [
          586.1032104492188,
          562.2640991210938
        ],
        [
          469.4219970703125,
          504.87890625
        ],
        [
          474.9752197265625,
          506.6282958984375
        ]
      ]
    },
    {
      "state_id": 1,
      "mean_features": {
        "left_arm_elevation": 0.8762605511615066,
        "torso_angle": 42.05796494775889,
        "left_knee_angle": 154.68081288759402,
        "body_center_y": 4.628463837565208,
        "left_leg_spread": 0.8328361633886283,
        "left_elbow_angle": 174.3595944099686,
        "left_shoulder_angle": 90.68572036587463,
        "left_hip_angle": 55.65145149360708
      },
      "feature_tolerances": {
        "left_arm_elevation": 0.10800010760190237,
        "torso_angle": 10.0,
        "left_knee_angle": 10.0,
        "body_center_y": 0.18603643953859478,
        "left_leg_spread": 0.1771962307715509,
        "left_elbow_angle": 10.0,
        "left_shoulder_angle": 10.0,
        "left_hip_angle": 16.018339297807287
      },
      "min_hold_duration": 1.6858371764705882,
      "mean_keypoints": [
        [
          752.1075439453125,
          519.7996826171875
        ],
        [
          757.5213012695312,
          507.9434509277344
        ],
        [
          756.1868896484375,
          508.28009033203125
        ],
        [
          774.1895751953125,
          508.36077880859375
        ],
        [
          770.6199340820312,
          509.0210266113281
        ],
        [
          799.516845703125,
          534.1262817382812
        ],
        [
          789.3004150390625,
          541.3426513671875
        ],
        [
          731.2198486328125,
          470.63421630859375
        ],
        [
          728.8624267578125,
          481.0204162597656
        ],
        [
          679.2843017578125,
          411.7733459472656
        ],
        [
          684.0694580078125,
          421.7806396484375
        ],
        [
          702.4497680664062,
          642.2647094726562
        ],
        [
          700.05712890625,
          636.1025390625
        ],
        [
          665.5288696289062,
          504.61920166015625
        ],
        [
          665.7284545898438,
          507.412841796875
        ],
        [
          584.3394165039062,
          409.43536376953125
        ],
        [
          587.929931640625,
          415.9573059082031
        ]
      ]
    }
  ],
  "transitions": {
    "0": [
      1
    ],
    "1": [
      0
    ]
  }
}