{
  "version": "1.1",
  "metadata": {
    "video_path": "torso-twist.mp4",
    "fps": 30.015657370245528,
    "original_fps": 30.015657370245528,
    "skip_frames": 1,
    "total_frames": 439,
    "valid_frames": 439,
    "num_states": 4,
    "num_segments": 5,
    "created_at": "2026-02-25T21:06:24.134645",
    "stability_threshold": 0.02,
    "temporal_sequence": [
      0,
      1,
      2,
      3,
      2
    ]
  },
  "states": [
    {
      "state_id": 0,
      "mean_features": {
        "body_center_y": 2.5405013664607727,
        "right_arm_elevation": -0.42928550366125656,
        "torso_angle": 0.8175553520465236,
        "left_arm_elevation": -0.4300494982824697,
        "right_shoulder_angle": 17.96829172846854,
        "left_leg_spread": 0.07901543971904466,
        "right_knee_angle": 173.25448680068504,
        "left_hip_angle": 170.00812866031643,
        "right_hip_angle": 173.27127351259549,
        "right_leg_spread": 0.05920197362714922,
        "left_shoulder_angle": 20.58386148495223,
        "left_knee_angle": 175.74931706255722,
        "right_elbow_angle": 22.907769069954725,
        "left_elbow_angle": 19.885267884774052
      },
      "feature_tolerances": {
        "body_center_y": 0.1,
        "right_arm_elevation": 0.1,
        "torso_angle": 10.0,
        "left_arm_elevation": 0.1,
        "right_shoulder_angle": 10.0,
        "left_leg_spread": 0.1,
        "right_knee_angle": 10.0,
        "left_hip_angle": 10.0,
        "right_hip_angle": 10.0,
        "right_leg_spread": 0.1,
        "left_shoulder_angle": 10.0,
        "left_knee_angle": 10.0,
        "right_elbow_angle": 10.0,
        "left_elbow_angle": 10.0
      },
      "min_hold_duration": 1.539196674259681,
      "mean_keypoints": [
        [
          621.3751831054688,
          179.99253845214844
        ],
        [
          631.3222045898438,
          169.3623504638672
        ],
        [
          610.922607421875,
          170.99508666992188
        ],
        [
          639.9417724609375,
          174.10647583007812
        ],
        [
          602.7796020507812,
          177.10081481933594
        ],
        [
          679.1128540039062,
          236.91436767578125
        ],
        [
          572.25634765625,
          240.7559051513672
        ],
        [
          697.2540283203125,
          327.1835021972656
        ],
        [
          556.3460693359375,
          328.55670166015625
        ],
        [
          683.4379272460938,
          303.4770812988281
        ],
        [
          571.1780395507812,
          307.1880798339844
        ],
        [
          653.8516235351562,
          393.51751708984375
        ],
        [
          593.1287231445312,
          394.3603820800781
        ],
        [
          655.6180419921875,
          520.06494140625
        ],
        [
          595.4163818359375,
          520.5374755859375
        ],
        [
          666.1119384765625,
          638.3258666992188
        ],
        [
          583.960693359375,
          634.647216796875
        ]
      ]
    },
    {
      "state_id": 1,
      "mean_features": {
        "body_center_y": 2.257590138967136,
        "right_arm_elevation": -0.3982139813460513,
        "torso_angle": -5.0748397633776685,
        "right_shoulder_angle": 19.394340378897528,
        "left_leg_spread": 0.1720820412657777,
        "right_knee_angle": 173.54911529962914,
        "left_hip_angle": 177.36163625409526,
        "right_hip_angle": 169.45863011795254,
        "right_leg_spread": 0.28609857443840275,
        "left_knee_angle": 176.4890237272061,
        "right_elbow_angle": 101.12639614404071
      },
      "feature_tolerances": {
        "body_center_y": 0.1,
        "right_arm_elevation": 0.1,
        "torso_angle": 10.0,
        "right_shoulder_angle": 10.0,
        "left_leg_spread": 0.1,
        "right_knee_angle": 10.0,
        "left_hip_angle": 10.0,
        "right_hip_angle": 10.0,
        "right_leg_spread": 0.1,
        "left_knee_angle": 10.0,
        "right_elbow_angle": 10.0
      },
      "min_hold_duration": 0.6196765831435079,
      "mean_keypoints": [
        [
          661.863525390625,
          187.50326538085938
        ],
        [
          658.3063354492188,
          175.83758544921875
        ],
        [
          657.7860717773438,
          175.30926513671875
        ],
        [
          645.1444091796875,
          175.09573364257812
        ],
        [
          644.8909912109375,
          174.89414978027344
        ],
        [
          612.5337524414062,
          223.88514709472656
        ],
        [
          629.2244873046875,
          214.54847717285156
        ],
        [
          623.0809326171875,
          299.50494384765625
        ],
        [
          659.56689453125,
          289.71881103515625
        ],
        [
          658.9766235351562,
          288.7684326171875
        ],
        [
          693.2142333984375,
          283.1741638183594
        ],
        [
          636.2877197265625,
          394.40899658203125
        ],
        [
          636.5888061523438,
          390.7381896972656
        ],
        [
          646.54833984375,
          516.6149291992188
        ],
        [
          619.0040283203125,
          516.849365234375
        ],
        [
          665.2667846679688,
          640.031982421875
        ],
        [
          587.5441284179688,
          639.0722045898438
        ]
      ]
    },
    {
      "state_id": 2,
      "mean_features": {
        "body_center_y": 2.5376923406142833,
        "right_arm_elevation": -0.29096720946639826,
        "torso_angle": 0.1643238439571165,
        "left_arm_elevation": -0.28933936792602716,
        "right_shoulder_angle": 18.45860618998529,
        "left_leg_spread": 0.07802135374519852,
        "right_knee_angle": 172.51868990863701,
        "left_hip_angle": 171.78451480595993,
        "right_hip_angle": 173.31528718430357,
        "right_leg_spread": 0.06425214679312297,
        "left_shoulder_angle": 22.222782805725767,
        "left_knee_angle": 174.5130684940931,
        "right_elbow_angle": 7.828330692131908,
        "left_elbow_angle": 6.656351933828914
      },
      "feature_tolerances": {
        "body_center_y": 0.1,
        "right_arm_elevation": 0.1,
        "torso_angle": 10.0,
        "left_arm_elevation": 0.1,
        "right_shoulder_angle": 10.0,
        "left_leg_spread": 0.1,
        "right_knee_angle": 10.0,
        "left_hip_angle": 10.0,
        "right_hip_angle": 10.0,
        "right_leg_spread": 0.1,
        "left_shoulder_angle": 10.0,
        "left_knee_angle": 10.0,
        "right_elbow_angle": 10.0,
        "left_elbow_angle": 10.0
      },
      "min_hold_duration": 0.9095253075170842,