{
  "version": "1.1",
  "metadata": {
    "video_path": "triangle.mp4",
    "fps": 29.990421310303933,
    "original_fps": 29.990421310303933,
    "skip_frames": 1,
    "total_frames": 263,
    "valid_frames": 263,
    "num_states": 2,
    "num_segments": 3,
    "created_at": "2026-02-25T09:27:12.055782",
    "stability_threshold": 0.1,
    "temporal_sequence": [
      0,
      1,
      0
    ]
  },
  "states": [
    {
      "state_id": 0,
      "mean_features": {
        "right_leg_spread": 1.5243231871217615,
        "right_knee_angle": 167.3725430059193,
        "right_shoulder_angle": 71.91472497748809,
        "right_hip_angle": 170.25378079947873,
        "right_arm_elevation": -1.1412220067955752,
        "torso_angle": 74.58080794437421,
        "right_elbow_angle": 167.84681039737072,
        "left_leg_spread": 1.399316955076835,
        "body_center_y": 2.7954825423505016
      },
      "feature_tolerances": {
        "right_leg_spread": 0.11336377076689665,
        "right_knee_angle": 10.0,
        "right_shoulder_angle": 10.0,
        "right_hip_angle": 12.817234891508617,
        "right_arm_elevation": 0.1,
        "torso_angle": 10.0,
        "right_elbow_angle": 10.0,
        "left_leg_spread": 0.1,
        "body_center_y": 0.10526378250640217
      },
      "min_hold_duration": 1.2303928517110267,
      "mean_keypoints": [
        [
          896.23095703125,
          472.7568054199219
        ],
        [
          908.8171997070312,
          463.27777099609375
        ],
        [
          908.42138671875,
          461.5608215332031
        ],
        [
          902.4198608398438,
          443.6380310058594
        ],
        [
          901.7998046875,
          442.69354248046875
        ],
        [
          827.0650634765625,
          429.45245361328125
        ],
        [
          840.0984497070312,
          443.62713623046875
        ],
        [
          813.0297241210938,
          519.7847290039062
        ],
        [
          833.1920776367188,
          546.499755859375
        ],
        [
          821.5260009765625,
          598.9142456054688
        ],
        [
          846.7464599609375,
          640.6591796875
        ],
        [
          666.6954956054688,
          477.8154296875
        ],
        [
          668.0266723632812,
          486.8358154296875
        ],
        [
          546.8324584960938,
          540.1290283203125
        ],
        [
          542.0391235351562,
          543.0291137695312
        ],
        [
          419.7241516113281,
          561.6563720703125
        ],
        [
          405.2864990234375,
          570.5147094726562
        ]
      ]
    },
    {
      "state_id": 1,
      "mean_features": {
        "right_leg_spread": 1.0312890745398169,
        "right_knee_angle": 172.2382469074424,
        "right_shoulder_angle": 158.93058254519562,
        "right_hip_angle": 88.69799048945589,
        "right_arm_elevation": -0.7422303364604629,
        "torso_angle": 130.9729949046338,
        "right_elbow_angle": 164.66482669388193,
        "left_leg_spread": 1.0376013815402985,
        "body_center_y": 1.9032726175380204
      },
      "feature_tolerances": {
        "right_leg_spread": 0.1,
        "right_knee_angle": 10.0,
        "right_shoulder_angle": 13.832785632469037,
        "right_hip_angle": 10.0,
        "right_arm_elevation": 0.1,
        "torso_angle": 10.0,
        "right_elbow_angle": 10.0,
        "left_leg_spread": 0.1,
        "body_center_y": 0.1
      },
      "min_hold_duration": 2.1206771102661595,
      "mean_keypoints": [
        [
          704.2261962890625,
          540.8102416992188
        ],
        [
          714.3235473632812,
          544.3055419921875
        ],
        [
          715.0546875,
          542.6763916015625
        ],
        [
          727.7562866210938,
          532.9789428710938
        ],
        [
          728.0468139648438,
          530.3327026367188
        ],
        [
          732.5532836914062,
          490.2813720703125
        ],
        [
          739.6726684570312,
          497.54656982421875
        ],
        [
          770.8629150390625,
          556.9099731445312
        ],
        [
          780.123291015625,
          574.5968627929688
        ],
        [
          826.622802734375,
          613.3605346679688
        ],
        [
          843.7886962890625,
          641.876708984375
        ],
        [
          592.9551391601562,
          368.53302001953125
        ],
        [
          586.5447998046875,
          368.8597106933594
        ],
        [
          498.6268310546875,
          483.32318115234375
        ],
        [
          492.0635986328125,
          484.4911193847656
        ],
        [
          399.1202392578125,
          575.4688720703125
        ],
        [
          386.1659851074219,
          582.265380859375
        ]
      ]
    }
  ],
  "transitions": {
    "0": [
      1
    ],
    "1": [
      0
    ]
  }
}