{
  "version": "1.1",
  "metadata": {
    "video_path": "tricep-stretch.mp4",
    "fps": 29.81251500875633,
    "original_fps": 29.81251500875633,
    "skip_frames": 1,
    "total_frames": 509,
    "valid_frames": 509,
    "num_states": 3,
    "num_segments": 5,
    "created_at": "2026-02-25T21:17:16.747577",
    "stability_threshold": 0.06,
    "temporal_sequence": [
      0,
      1,
      0,
      2,
      0
    ]
  },
  "states": [
    {
      "state_id": 0,
      "mean_features": {
        "left_arm_elevation": -1.0353288318722762,
        "left_hip_angle": 100.4161040940887,
        "right_knee_angle": 27.099344707177046,
        "torso_angle": -1.9632364963646012,
        "left_shoulder_angle": 27.666068346998955,
        "right_leg_spread": 0.5700951285799097,
        "body_center_y": 2.5166547356925393,
        "left_elbow_angle": 175.35910308415353,
        "right_shoulder_angle": 26.80258764559191,
        "right_arm_elevation": -1.0726698528751577,
        "left_knee_angle": 29.081710100050547,
        "right_elbow_angle": 176.9520008788099,
        "left_leg_spread": 0.4178492182287277,
        "right_hip_angle": 86.6093410691366
      },
      "feature_tolerances": {
        "left_arm_elevation": 0.1,
        "left_hip_angle": 10.0,
        "right_knee_angle": 10.0,
        "torso_angle": 10.0,
        "left_shoulder_angle": 10.0,
        "right_leg_spread": 0.1,
        "body_center_y": 0.1,
        "left_elbow_angle": 10.0,
        "right_shoulder_angle": 10.0,
        "right_arm_elevation": 0.1,
        "left_knee_angle": 10.0,
        "right_elbow_angle": 10.0,
        "left_leg_spread": 0.1,
        "right_hip_angle": 10.0
      },
      "min_hold_duration": 1.2880496660117877,
      "mean_keypoints": [
        [
          618.0079956054688,
          239.2724609375
        ],
        [
          634.98388671875,
          223.08163452148438
        ],
        [
          601.3858032226562,
          225.759765625
        ],
        [
          649.3875732421875,
          230.2194366455078
        ],
        [
          590.3175659179688,
          234.56619262695312
        ],
        [
          712.1015014648438,
          326.19793701171875
        ],
        [
          544.7691650390625,
          331.4701843261719
        ],
        [
          759.0433959960938,
          443.856201171875
        ],
        [
          507.15350341796875,
          453.5011901855469
        ],
        [
          811.734375,
          550.0313110351562
        ],
        [
          470.3983459472656,
          562.3318481445312
        ],
        [
          689.4343872070312,
          543.9419555664062
        ],
        [
          582.1797485351562,
          547.15673828125
        ],
        [
          813.3977661132812,
          580.1658935546875
        ],
        [
          484.19195556640625,
          558.0684204101562
        ],
        [
          598.4752197265625,
          628.42138671875
        ],
        [
          705.3800048828125,
          641.4657592773438
        ]
      ]
    },
    {
      "state_id": 1,
      "mean_features": {
        "left_arm_elevation": 0.513772639963362,
        "left_hip_angle": 92.22419445924086,
        "right_knee_angle": 21.386301943406057,
        "torso_angle": -0.2297435011096503,
        "left_shoulder_angle": 161.68252609715316,
        "right_leg_spread": 0.48409027962113527,
        "body_center_y": 2.07162193990545,
        "left_elbow_angle": 81.5114128255913,
        "right_shoulder_angle": 156.5073781419454,
        "right_arm_elevation": 0.34719267116907315,
        "left_knee_angle": 22.939725028143982,
        "right_elbow_angle": 84.1871866512648,
        "left_leg_spread": 0.40033549319786077,
        "right_hip_angle": 83.8982941488511
      },
      "feature_tolerances": {
        "left_arm_elevation": 0.11273307123919424,
        "left_hip_angle": 10.0,
        "right_knee_angle": 10.0,
        "torso_angle": 10.0,
        "left_shoulder_angle": 18.506410261652594,
        "right_leg_spread": 0.1,
        "body_center_y": 0.1,
        "left_elbow_angle": 22.478091884003852,
        "right_shoulder_angle": 20.383639124601366,
        "right_arm_elevation": 0.1,
        "left_knee_angle": 10.0,
        "right_elbow_angle": 12.60183634009331,
        "left_leg_spread": 0.1,
        "right_hip_angle": 10.0
      },
      "min_hold_duration": 1.9924518271119842,
      "mean_keypoints": [
        [
          631.258544921875,
          268.2474670410156
        ],
        [
          643.0264282226562,
          251.22532653808594
        ],
        [
          614.0108032226562,
          253.5635528564453
        ],
        [
          656.2289428710938,
          243.41871643066406
        ],
        [
          596.5166015625,
          249.38014221191406
        ],
        [
          696.6964721679688,
          271.5252380371094
        ],
        [
          559.6880493164062,
          281.01641845703125
        ],
        [
          736.9312744140625,
          160.4498291015625
        ],
        [
          585.19287109375,
          194.78782653808594
        ],
        [
          631.7041625976562,
          136.78329467773438
        ],
        [
          638.4892578125,
          212.5259552001953
        ],
        [
          682.8912353515625,
          533.61669921875
        ],
        [
          575.7175903320312,
          535.6305541992188
        ],
        [
          815.5133666992188,
          545.6825561523438
        ],
        [
          473.7494812011719,
          530.9953002929688
        ],
        [
          579.7824096679688,
          620.7950439453125
        ],
        [
          701.0007934570312,
          632.0045166015625
        ]
      ]
    },
    {
      "state_id": 2,
      "mean_features": {
        "left_arm_elevation": 0.37089858075692544,
        "left_hip_angle": 89.21354842116466,
        "right_knee_angle": 19.778986766804067,
        "torso_angle": -1.88579461386878,
        "left_shoulder_angle": 146.04968024829387,
        "right_leg_spread": 0.5137493944463507,
        "body_center_y": 2.1902123522827996,
        "left_elbow_angle": 126.7000079045977,
        "right_shoulder_angle": 154.22338989524732,
        "right_arm_elevation": 0.5572589383441575,
        "left_knee_angle": 19.219135217694426,
        "right_elbow_angle": 74.15248959822141,
        "left_leg_spread": 0.4017116300131767,
        "right_hip_angle": 82.329831804548
      },
      "feature_tolerances": {
        "left_arm_elevation": 0.1,
        "left_hip_angle": 10.0,
        "right_knee_angle": 10.0,
        "torso_angle": 10.0,
        "left_shoulder_angle": 14.355807623001459,
        "right_leg_spread": 0.1,
        "body_center_y": 0.1,
        "left_elbow_angle": 26.743094324621396,
        "right_shoulder_angle": 10.0,
        "right_arm_elevation": 0.1,
        "left_knee_angle": 10.0,
        "right_elbow_angle": 10.0,
        "left_leg_spread": 0.1,
        "right_hip_angle": 10.0
      },
      "min_hold_duration": 1.97232605108055,