{
  "version": "1.1",
  "metadata": {
    "video_path": "wide-squat.mp4",
    "fps": 29.974204018359956,
    "original_fps": 29.974204018359956,
    "skip_frames": 1,
    "total_frames": 330,
    "valid_frames": 330,
    "num_states": 2,
    "num_segments": 3,
    "created_at": "2026-02-25T21:18:37.252264",
    "stability_threshold": 0.1,
    "temporal_sequence": [
      0,
      1,
      0
    ]
  },
  "states": [
    {
      "state_id": 0,
      "mean_features": {
        "left_arm_elevation": 0.27155227103843754,
        "left_leg_spread": 0.34070906010358143,
        "left_shoulder_angle": 140.87573297441978,
        "right_arm_elevation": 0.2712116009690359,
        "right_leg_spread": 0.3048075567156238,
        "body_center_y": 2.2663495913516187,
        "torso_angle": -0.5205138003761527,
        "left_hip_angle": 163.06052933015184,
        "right_elbow_angle": 38.99494421432291,
        "right_hip_angle": 162.9917204081401,
        "right_knee_angle": 173.58027386104868,
        "left_knee_angle": 173.39466010789832,
        "right_shoulder_angle": 140.86674171663898,
        "left_elbow_angle": 39.85147490050147
      },
      "feature_tolerances": {
        "left_arm_elevation": 0.1,
        "left_leg_spread": 0.1,
        "left_shoulder_angle": 15.025912756767053,
        "right_arm_elevation": 0.1,
        "right_leg_spread": 0.1,
        "body_center_y": 0.16243750176949456,
        "torso_angle": 10.0,
        "left_hip_angle": 10.0,
        "right_elbow_angle": 10.0,
        "right_hip_angle": 11.51779217176128,
        "right_knee_angle": 13.045317416492177,
        "left_knee_angle": 10.241627288852747,
        "right_shoulder_angle": 12.210391348491068,
        "left_elbow_angle": 10.0
      },
      "min_hold_duration": 1.5813597575757574,
      "mean_keypoints": [
        [
          635.0319213867188,
          169.31556701660156
        ],
        [
          644.8463134765625,
          158.6147918701172
        ],
        [
          624.3917846679688,
          158.81134033203125
        ],
        [
          654.0969848632812,
          166.521728515625
        ],
        [
          613.4754028320312,
          167.94371032714844
        ],
        [
          686.4489135742188,
          223.12567138671875
        ],
        [
          582.61669921875,
          224.23309326171875
        ],
        [
          738.9384155273438,
          168.3035888671875
        ],
        [
          527.4306030273438,
          168.8321990966797
        ],
        [
          668.9217529296875,
          175.67584228515625
        ],
        [
          602.3329467773438,
          177.70016479492188
        ],
        [
          671.6339111328125,
          398.8118896484375
        ],
        [
          600.9215087890625,
          400.55511474609375
        ],
        [
          700.2542724609375,
          530.1131591796875
        ],
        [
          575.0188598632812,
          530.6190795898438
        ],
        [
          731.64892578125,
          661.5343017578125
        ],
        [
          547.2290649414062,
          657.4561767578125
        ]
      ]
    },
    {
      "state_id": 1,
      "mean_features": {
        "left_arm_elevation": 0.17680748131357116,
        "left_leg_spread": 0.536743912373913,
        "left_shoulder_angle": 88.81106941654996,
        "right_arm_elevation": 0.22180774344025916,
        "right_leg_spread": 0.5309424644933556,
        "body_center_y": 4.47749731065128,
        "torso_angle": -1.6563718376776602,
        "left_hip_angle": 93.24701745169504,
        "right_elbow_angle": 22.927000747536713,
        "right_hip_angle": 88.00913003062948,
        "right_knee_angle": 92.46118282307832,
        "left_knee_angle": 94.62210411010085,
        "right_shoulder_angle": 105.81576596694495,
        "left_elbow_angle": 14.407781328473774
      },
      "feature_tolerances": {
        "left_arm_elevation": 0.1,
        "left_leg_spread": 0.1,
        "left_shoulder_angle": 10.251972020538348,
        "right_arm_elevation": 0.1,
        "right_leg_spread": 0.1,
        "body_center_y": 0.2589591015979894,
        "torso_angle": 10.0,
        "left_hip_angle": 10.0,
        "right_elbow_angle": 10.0,
        "right_hip_angle": 10.0,
        "right_knee_angle": 10.0,
        "left_knee_angle": 10.0,
        "right_shoulder_angle": 10.0,
        "left_elbow_angle": 10.0
      },
      "min_hold_duration": 2.121824484848485,
      "mean_keypoints": [
        [
          633.2589721679688,
          377.55859375
        ],
        [
          644.1913452148438,
          366.1855773925781
        ],
        [
          620.480224609375,
          367.32354736328125
        ],
        [
          655.1185913085938,
          368.5066833496094
        ],
        [
          610.4744262695312,
          370.7760314941406
        ],
        [
          687.3888549804688,
          411.5508117675781
        ],
        [
          581.8250122070312,
          415.6531982421875
        ],
        [
          737.8063354492188,
          418.833740234375
        ],
        [
          527.9058837890625,
          410.7049255371094
        ],
        [
          670.3495483398438,
          390.2688293457031
        ],
        [
          594.5272827148438,
          388.8839416503906
        ],
        [
          671.1611328125,
          533.8805541992188
        ],
        [
          604.9782104492188,
          532.6742553710938
        ],
        [
          748.401611328125,
          549.69970703125
        ],
        [
          527.51123046875,
          546.2025146484375
        ],
        [
          735.0789184570312,
          671.6964111328125
        ],
        [
          541.560302734375,
          665.3534545898438
        ]
      ]
    }
  ],
  "transitions": {
    "0": [
      1
    ],
    "1": [
      0
    ]
  }
}